 .,State_Code,State,District_Key,District,Confirmed,Active,Recovered,Deceased,Migrated_Other,Delta_Confirmed,Delta_Active,Delta_Recovered,Delta_Deceased,District_Notes,Last_Updated
.,UN,State Unassigned,UN_Unassigned,Unassigned,0,0,0,0,0,0,0,0,0,,
1,AN,Andaman and Nicobar Islands,AN_Nicobars,Nicobars,0,0,0,0,0,0,0,0,0,District-wise numbers are out-dated as cumulative counts for each district are not reported in bulletin,
2,AN,Andaman and Nicobar Islands,AN_North and Middle Andaman,North and Middle Andaman,1,0,1,0,0,0,0,0,0,District-wise numbers are out-dated as cumulative counts for each district are not reported in bulletin,
3,AN,Andaman and Nicobar Islands,AN_South Andaman,South Andaman,51,19,32,0,0,0,0,0,0,District-wise numbers are out-dated as cumulative counts for each district are not reported in bulletin,
0,AP,Andhra Pradesh,AP_Foreign Evacuees,Foreign Evacuees,434,0,434,0,0,0,0,0,0,,
4,AP,Andhra Pradesh,AP_Anantapur,Anantapur,177611,19,176487,1105,0,0,0,0,0,,
5,AP,Andhra Pradesh,AP_Chittoor,Chittoor,272394,10,270384,2000,0,0,0,0,0,,
6,AP,Andhra Pradesh,AP_East Godavari,East Godavari,316586,28,315260,1298,0,0,0,0,0,,
7,AP,Andhra Pradesh,AP_Guntur,Guntur,203244,3,201964,1277,0,0,0,0,0,,
8,AP,Andhra Pradesh,AP_Krishna,Krishna,136896,9,135391,1496,0,0,0,0,0,,
9,AP,Andhra Pradesh,AP_Kurnool,Kurnool,144244,0,143377,867,0,0,0,0,0,,
0,AP,Andhra Pradesh,AP_Other State,Other State,2461,0,2461,0,0,0,0,0,0,,
10,AP,Andhra Pradesh,AP_Prakasam,Prakasam,155937,1,154790,1146,0,0,0,0,0,,
11,AP,Andhra Pradesh,AP_S.P.S. Nellore,S.P.S. Nellore,164374,7,163277,1090,0,0,0,0,0,,
12,AP,Andhra Pradesh,AP_Srikakulam,Srikakulam,133952,8,133146,798,0,0,0,0,0,,
13,AP,Andhra Pradesh,AP_Visakhapatnam,Visakhapatnam,190938,6,189748,1184,0,0,0,0,0,,
14,AP,Andhra Pradesh,AP_Vizianagaram,Vizianagaram,92241,3,91558,680,0,0,0,0,0,,
15,AP,Andhra Pradesh,AP_West Godavari,West Godavari,193378,24,192217,1137,0,0,0,0,0,,
16,AP,Andhra Pradesh,AP_Y.S.R. Kadapa,Y.S.R. Kadapa,134888,1,134235,652,0,0,0,0,0,,
17,AR,Arunachal Pradesh,AR_Anjaw,Anjaw,1139,0,1136,3,0,0,0,0,0,,
18,AR,Arunachal Pradesh,AR_Changlang,Changlang,4256,0,4234,22,0,0,0,0,0,,
19,AR,Arunachal Pradesh,AR_East Kameng,East Kameng,1215,0,1215,0,0,0,0,0,0,,
20,AR,Arunachal Pradesh,AR_East Siang,East Siang,3678,0,3660,18,0,0,0,0,0,,
21,AR,Arunachal Pradesh,AR_Kamle,Kamle,585,0,585,0,0,0,0,0,0,,
22,AR,Arunachal Pradesh,AR_Kra Daadi,Kra Daadi,270,0,270,0,0,0,0,0,0,,
23,AR,Arunachal Pradesh,AR_Kurung Kumey,Kurung Kumey,526,0,525,1,0,0,0,0,0,,
24,AR,Arunachal Pradesh,AR_Lepa Rada,Lepa Rada,1029,0,1026,3,0,0,0,0,0,,
25,AR,Arunachal Pradesh,AR_Lohit,Lohit,3417,2,3386,29,0,2,2,0,0,,
26,AR,Arunachal Pradesh,AR_Longding,Longding,935,0,933,2,0,0,0,0,0,,
27,AR,Arunachal Pradesh,AR_Lower Dibang Valley,Lower Dibang Valley,2845,0,2832,13,0,0,0,0,0,,
28,AR,Arunachal Pradesh,AR_Lower Siang,Lower Siang,833,0,825,8,0,0,0,0,0,,
29,AR,Arunachal Pradesh,AR_Lower Subansiri,Lower Subansiri,3605,0,3590,15,0,0,0,0,0,,
30,AR,Arunachal Pradesh,AR_Namsai,Namsai,2741,1,2723,17,0,0,0,0,0,,
31,AR,Arunachal Pradesh,AR_Pakke Kessang,Pakke Kessang,498,0,498,0,0,0,0,0,0,,
32,AR,Arunachal Pradesh,AR_Papum Pare,Papum Pare,22075,1,21969,105,0,0,0,0,0,,
33,AR,Arunachal Pradesh,AR_Shi Yomi,Shi Yomi,306,0,306,0,0,0,0,0,0,,
34,AR,Arunachal Pradesh,AR_Siang,Siang,441,0,438,3,0,0,0,0,0,,
35,AR,Arunachal Pradesh,AR_Tawang,Tawang,2931,1,2909,21,0,0,0,0,0,,
36,AR,Arunachal Pradesh,AR_Tirap,Tirap,1261,0,1256,5,0,0,0,0,0,,
37,AR,Arunachal Pradesh,AR_Upper Dibang Valley,Upper Dibang Valley,414,0,412,2,0,0,0,0,0,,
38,AR,Arunachal Pradesh,AR_Upper Siang,Upper Siang,1180,0,1179,1,0,0,0,0,0,,
39,AR,Arunachal Pradesh,AR_Upper Subansiri,Upper Subansiri,2023,0,2016,7,0,0,0,0,0,,
40,AR,Arunachal Pradesh,AR_West Kameng,West Kameng,4279,0,4264,15,0,0,0,0,0,,
41,AR,Arunachal Pradesh,AR_West Siang,West Siang,2033,1,2026,6,0,0,0,0,0,,
0,AS,Assam,AS_Airport Quarantine,Airport Quarantine,13,0,13,0,0,0,0,0,0,,
42,AS,Assam,AS_Baksa,Baksa,8165,7643,447,75,0,0,0,0,0,,
43,AS,Assam,AS_Barpeta,Barpeta,17267,16045,1024,198,0,0,0,0,0,,
44,AS,Assam,AS_Biswanath,Biswanath,10737,10288,379,70,0,0,0,0,0,,
45,AS,Assam,AS_Bongaigaon,Bongaigaon,8168,7244,834,90,0,0,0,0,0,,
46,AS,Assam,AS_Cachar,Cachar,29402,27668,1498,236,0,0,0,0,0,,
47,AS,Assam,AS_Charaideo,Charaideo,4644,4477,105,62,0,0,0,0,0,,
48,AS,Assam,AS_Chirang,Chirang,3692,3431,219,42,0,0,0,0,0,,
49,AS,Assam,AS_Darrang,Darrang,14221,12359,1730,132,0,0,0,0,0,,
50,AS,Assam,AS_Dhemaji,Dhemaji,10098,9607,440,51,0,0,0,0,0,,
51,AS,Assam,AS_Dhubri,Dhubri,10402,9131,1215,56,0,0,0,0,0,,
52,AS,Assam,AS_Dibrugarh,Dibrugarh,40054,37203,2409,442,0,0,0,0,0,,
53,AS,Assam,AS_Dima Hasao,Dima Hasao,4482,4262,199,21,0,0,0,0,0,,
54,AS,Assam,AS_Goalpara,Goalpara,13806,38,568,100,0,0,0,0,0,,
55,AS,Assam,AS_Golaghat,Golaghat,27476,25526,1656,294,0,0,0,0,0,,
56,AS,Assam,AS_Hailakandi,Hailakandi,7401,6247,1116,38,0,0,0,0,0,,
57,AS,Assam,AS_Hojai,Hojai,8933,7655,1160,118,0,1,1,0,0,,
58,AS,Assam,AS_Jorhat,Jorhat,31470,29344,1752,374,0,0,0,0,0,,
59,AS,Assam,AS_Kamrup,Kamrup,38041,35683,2074,284,0,3,3,0,0,,
60,AS,Assam,AS_Kamrup Metropolitan,Kamrup Metropolitan,142115,125763,15372,980,0,29,29,0,0,,
61,AS,Assam,AS_Karbi Anglong,Karbi Anglong,9160,8479,552,129,0,0,0,0,0,,
62,AS,Assam,AS_Karimganj,Karimganj,10323,9265,955,103,0,0,0,0,0,,
63,AS,Assam,AS_Kokrajhar,Kokrajhar,7193,6761,353,79,0,0,0,0,0,,
64,AS,Assam,AS_Lakhimpur,Lakhimpur,19119,17856,1135,128,0,0,0,0,0,,
65,AS,Assam,AS_Majuli,Majuli,2396,2301,80,15,0,0,0,0,0,,
66,AS,Assam,AS_Morigaon,Morigaon,15461,14820,557,84,0,0,0,0,0,,
67,AS,Assam,AS_Nagaon,Nagaon,28506,25769,2506,231,0,0,0,0,0,,
68,AS,Assam,AS_Nalbari,Nalbari,13382,12411,828,143,0,0,0,0,0,,
0,AS,Assam,AS_Other State,Other State,192,191,1,0,0,0,0,0,0,,
69,AS,Assam,AS_Sivasagar,Sivasagar,14557,13877,473,207,0,0,0,0,0,,
70,AS,Assam,AS_Sonitpur,Sonitpur,24575,22565,1727,283,0,0,0,0,0,,
71,AS,Assam,AS_South Salmara Mankachar,South Salmara Mankachar,2190,2126,47,17,0,0,0,0,0,,
72,AS,Assam,AS_Tinsukia,Tinsukia,24088,22013,1798,277,0,0,0,0,0,,
73,AS,Assam,AS_Udalguri,Udalguri,7589,6836,666,87,0,0,0,0,0,,
74,AS,Assam,AS_West Karbi Anglong,West Karbi Anglong,1730,1687,37,6,0,0,0,0,0,,
75,BR,Bihar,BR_Araria,Araria,16127,4,15983,140,0,3,2,1,0,,
76,BR,Bihar,BR_Arwal,Arwal,8234,4,8121,109,0,2,1,1,0,,
77,BR,Bihar,BR_Aurangabad,Aurangabad,21296,2,21215,79,0,1,-2,3,0,,
78,BR,Bihar,BR_Banka,Banka,8771,3,8655,113,0,3,3,0,0,,
79,BR,Bihar,BR_Begusarai,Begusarai,31433,8,30862,563,0,6,5,1,0,,
80,BR,Bihar,BR_Bhagalpur,Bhagalpur,29021,21,28638,362,0,1,0,1,0,,
81,BR,Bihar,BR_Bhojpur,Bhojpur,11940,3,11697,240,0,1,1,0,0,,
82,BR,Bihar,BR_Buxar,Buxar,10386,2,10165,219,0,0,0,0,0,,
83,BR,Bihar,BR_Darbhanga,Darbhanga,13534,2,13161,371,0,0,0,0,0,,
101,BR,Bihar,BR_East Champaran,East Champaran,21082,5,20541,536,0,2,2,0,0,,
84,BR,Bihar,BR_Gaya,Gaya,37224,26,36825,373,0,7,5,2,0,,
85,BR,Bihar,BR_Gopalganj,Gopalganj,17858,3,17595,260,0,2,2,0,0,,
86,BR,Bihar,BR_Jamui,Jamui,11008,0,10888,120,0,0,0,0,0,,
87,BR,Bihar,BR_Jehanabad,Jehanabad,11860,4,11612,244,0,1,-2,3,0,,
88,BR,Bihar,BR_Kaimur,Kaimur,5648,0,5501,147,0,0,0,0,0,,
89,BR,Bihar,BR_Katihar,Katihar,19951,1,19681,269,0,0,0,0,0,,
90,BR,Bihar,BR_Khagaria,Khagaria,10678,7,10506,165,0,0,0,0,0,,
91,BR,Bihar,BR_Kishanganj,Kishanganj,11301,0,11194,107,0,0,0,0,0,,
92,BR,Bihar,BR_Lakhisarai,Lakhisarai,8607,0,8504,103,0,0,0,0,0,,
93,BR,Bihar,BR_Madhepura,Madhepura,15113,5,14993,115,0,0,0,0,0,,
94,BR,Bihar,BR_Madhubani,Madhubani,20094,4,19701,389,0,2,2,0,0,,
95,BR,Bihar,BR_Munger,Munger,17852,3,17576,273,0,1,1,0,0,,
96,BR,Bihar,BR_Muzaffarpur,Muzaffarpur,36190,11,35550,629,0,4,4,0,0,,
97,BR,Bihar,BR_Nalanda,Nalanda,25519,1,25044,474,0,0,0,0,0,,
98,BR,Bihar,BR_Nawada,Nawada,11083,0,10825,258,0,0,0,0,0,,
100,BR,Bihar,BR_Patna,Patna,181115,258,178016,2841,0,84,62,22,0,,
102,BR,Bihar,BR_Purnia,Purnia,27983,2,27749,232,0,1,1,0,0,,
103,BR,Bihar,BR_Rohtas,Rohtas,15462,5,15183,274,0,0,0,0,0,,
104,BR,Bihar,BR_Saharsa,Saharsa,20214,2,20015,197,0,0,-1,1,0,,
105,BR,Bihar,BR_Samastipur,Samastipur,25067,3,24804,260,0,1,-1,2,0,,
106,BR,Bihar,BR_Saran,Saran,26194,5,25929,260,0,0,-2,2,0,,
107,BR,Bihar,BR_Sheikhpura,Sheikhpura,8062,1,7956,105,0,1,1,0,0,,
108,BR,Bihar,BR_Sheohar,Sheohar,4737,1,4684,52,0,0,-1,1,0,,
109,BR,Bihar,BR_Sitamarhi,Sitamarhi,10573,4,10439,130,0,0,0,0,0,,
110,BR,Bihar,BR_Siwan,Siwan,16539,2,16250,287,0,0,0,0,0,,
111,BR,Bihar,BR_Supaul,Supaul,18232,4,18071,157,0,2,1,1,0,,
112,BR,Bihar,BR_Vaishali,Vaishali,22435,0,22026,408,1,0,0,0,0,,
99,BR,Bihar,BR_West Champaran,West Champaran,23071,3,22673,395,0,1,1,0,0,,
113,CH,Chandigarh,CH_Chandigarh,Chandigarh,93217,387,91665,1165,0,36,14,22,0,,
0,CT,Chhattisgarh,CT_Other State,Other State,852,0,721,131,0,0,0,0,0,,
114,CT,Chhattisgarh,CT_Balod,Balod,29429,10,29011,408,0,3,3,0,0,,
115,CT,Chhattisgarh,CT_Baloda Bazar,Baloda Bazar,45289,20,44771,498,0,4,2,2,0,,
116,CT,Chhattisgarh,CT_Balrampur,Balrampur,22360,12,22227,121,0,3,3,0,0,,
117,CT,Chhattisgarh,CT_Bametara,Bametara,21736,8,21480,248,0,1,-5,6,0,,
118,CT,Chhattisgarh,CT_Bastar,Bastar,24211,7,24005,199,0,1,1,0,0,,
119,CT,Chhattisgarh,CT_Bijapur,Bijapur,9790,1,9731,58,0,0,0,0,0,,
120,CT,Chhattisgarh,CT_Bilaspur,Bilaspur,76107,58,74811,1238,0,8,5,3,0,,
121,CT,Chhattisgarh,CT_Dakshin Bastar Dantewada,Dakshin Bastar Dantewada,12123,8,12088,27,0,1,1,0,0,,
122,CT,Chhattisgarh,CT_Dhamtari,Dhamtari,31635,1,31072,562,0,0,0,0,0,,
123,CT,Chhattisgarh,CT_Durg,Durg,116334,92,114345,1897,0,21,11,10,0,,
124,CT,Chhattisgarh,CT_Gariaband,Gariaband,20560,1,20363,196,0,0,0,0,0,,
125,CT,Chhattisgarh,CT_Janjgir Champa,Janjgir Champa,63492,9,62620,863,0,1,1,0,0,,
126,CT,Chhattisgarh,CT_Jashpur,Jashpur,31502,14,31273,215,0,5,5,0,0,,
127,CT,Chhattisgarh,CT_Kabeerdham,Kabeerdham,24825,26,24530,269,0,5,2,3,0,,
128,CT,Chhattisgarh,CT_Kondagaon,Kondagaon,15907,0,15805,102,0,0,0,0,0,,
129,CT,Chhattisgarh,CT_Korba,Korba,63066,19,62447,600,0,2,-2,4,0,,
130,CT,Chhattisgarh,CT_Koriya,Koriya,29528,25,29322,181,0,11,9,2,0,,
131,CT,Chhattisgarh,CT_Mahasamund,Mahasamund,33038,5,32658,375,0,3,2,1,0,,
132,CT,Chhattisgarh,CT_Mungeli,Mungeli,25999,9,25821,169,0,3,3,0,0,,
133,CT,Chhattisgarh,CT_Narayanpur,Narayanpur,4964,0,4950,14,0,0,0,0,0,,
134,CT,Chhattisgarh,CT_Raigarh,Raigarh,73483,18,72471,994,0,2,0,2,0,,
135,CT,Chhattisgarh,CT_Raipur,Raipur,194233,152,190843,3238,0,29,10,19,0,,
136,CT,Chhattisgarh,CT_Rajnandgaon,Rajnandgaon,63103,13,62543,547,0,3,-3,6,0,,
137,CT,Chhattisgarh,CT_Sukma,Sukma,8980,0,8959,21,0,0,0,0,0,,
138,CT,Chhattisgarh,CT_Surajpur,Surajpur,31932,31,31672,229,0,8,8,0,0,,
139,CT,Chhattisgarh,CT_Surguja,Surguja,37674,41,37383,250,0,16,14,2,0,,
140,CT,Chhattisgarh,CT_Uttar Bastar Kanker,Uttar Bastar Kanker,28005,5,27763,237,0,1,1,0,0,,
766,CT,Chhattisgarh,CT_Gaurela Pendra Marwahi,Gaurela Pendra Marwahi,13199,0,13051,148,0,0,-2,2,0,,
144,DL,Delhi,DL_Central Delhi,Central Delhi,184,184,0,0,0,0,0,0,0,District-wise numbers are out-dated as cumulative counts for each district are not reported in bulletin,
145,DL,Delhi,DL_East Delhi,East Delhi,38,38,0,0,0,0,0,0,0,District-wise numbers are out-dated as cumulative counts for each district are not reported in bulletin,
146,DL,Delhi,DL_New Delhi,New Delhi,37,37,0,0,0,0,0,0,0,District-wise numbers are out-dated as cumulative counts for each district are not reported in bulletin,
147,DL,Delhi,DL_North Delhi,North Delhi,60,60,0,0,0,0,0,0,0,District-wise numbers are out-dated as cumulative counts for each district are not reported in bulletin,
148,DL,Delhi,DL_North East Delhi,North East Delhi,25,25,0,0,0,0,0,0,0,District-wise numbers are out-dated as cumulative counts for each district are not reported in bulletin,
149,DL,Delhi,DL_North West Delhi,North West Delhi,32,31,0,1,0,0,0,0,0,District-wise numbers are out-dated as cumulative counts for each district are not reported in bulletin,
150,DL,Delhi,DL_Shahdara,Shahdara,48,48,0,0,0,0,0,0,0,District-wise numbers are out-dated as cumulative counts for each district are not reported in bulletin,
151,DL,Delhi,DL_South Delhi,South Delhi,70,70,0,0,0,0,0,0,0,District-wise numbers are out-dated as cumulative counts for each district are not reported in bulletin,
152,DL,Delhi,DL_South East Delhi,South East Delhi,130,130,0,0,0,0,0,0,0,District-wise numbers are out-dated as cumulative counts for each district are not reported in bulletin,
153,DL,Delhi,DL_South West Delhi,South West Delhi,42,42,0,0,0,0,0,0,0,District-wise numbers are out-dated as cumulative counts for each district are not reported in bulletin,
154,DL,Delhi,DL_West Delhi,West Delhi,122,122,0,0,0,0,0,0,0,District-wise numbers are out-dated as cumulative counts for each district are not reported in bulletin,
0,DN,Dadra and Nagar Haveli and Daman and Diu,DN_Other State,Other State,0,0,0,0,0,0,0,0,0,,
141,DN,Dadra and Nagar Haveli and Daman and Diu,DN_Dadra and Nagar Haveli,Dadra and Nagar Haveli,6311,0,6303,3,5,0,0,0,0,,
142,DN,Dadra and Nagar Haveli and Daman and Diu,DN_Daman,Daman,3867,8,3832,1,26,0,-1,1,0,,
143,DN,Dadra and Nagar Haveli and Daman and Diu,DN_Diu,Diu,1276,0,1275,0,1,0,0,0,0,,
0,GA,Goa,GA_Other State,Other State,200,9,190,1,0,0,0,0,0,District-wise numbers are out-dated as cumulative counts for each district are not reported in bulletin,
155,GA,Goa,GA_North Goa,North Goa,2668,1639,964,65,0,0,0,0,0,District-wise numbers are out-dated as cumulative counts for each district are not reported in bulletin,
156,GA,Goa,GA_South Goa,South Goa,3511,1978,1407,126,0,0,0,0,0,District-wise numbers are out-dated as cumulative counts for each district are not reported in bulletin,
0,GJ,Gujarat,GJ_Other State,Other State,162,0,159,3,0,0,0,0,0,,
157,GJ,Gujarat,GJ_Ahmedabad,Ahmedabad,387008,902,382486,3620,0,207,115,92,0,,
158,GJ,Gujarat,GJ_Amreli,Amreli,12911,2,12804,105,0,0,0,0,0,,
159,GJ,Gujarat,GJ_Anand,Anand,15508,11,15444,53,0,6,0,6,0,,
160,GJ,Gujarat,GJ_Aravalli,Aravalli,5748,2,5665,81,0,0,0,0,0,,
161,GJ,Gujarat,GJ_Banaskantha,Banaskantha,18339,0,18173,166,0,0,0,0,0,,
162,GJ,Gujarat,GJ_Bharuch,Bharuch,17323,20,17151,152,0,7,6,1,0,,
163,GJ,Gujarat,GJ_Bhavnagar,Bhavnagar,29307,48,28897,362,0,11,4,7,0,,
164,GJ,Gujarat,GJ_Botad,Botad,2356,0,2308,48,0,0,0,0,0,,
165,GJ,Gujarat,GJ_Chhota Udaipur,Chhota Udaipur,3756,0,3718,38,0,0,0,0,0,,
167,GJ,Gujarat,GJ_Dahod,Dahod,11301,0,11255,46,0,0,0,0,0,,
187,GJ,Gujarat,GJ_Dang,Dang,1259,0,1241,18,0,0,0,0,0,,
166,GJ,Gujarat,GJ_Devbhumi Dwarka,Devbhumi Dwarka,5183,0,5094,89,0,0,0,0,0,,
168,GJ,Gujarat,GJ_Gandhinagar,Gandhinagar,35314,52,35035,227,0,10,3,7,0,,
169,GJ,Gujarat,GJ_Gir Somnath,Gir Somnath,9756,3,9686,67,0,0,0,0,0,,
170,GJ,Gujarat,GJ_Jamnagar,Jamnagar,41895,33,41342,520,0,7,5,2,0,,
171,GJ,Gujarat,GJ_Junagadh,Junagadh,22756,0,22484,272,0,0,0,0,0,,
173,GJ,Gujarat,GJ_Kheda,Kheda,14709,4,14650,55,0,0,0,0,0,,
172,GJ,Gujarat,GJ_Kutch,Kutch,19044,16,18882,146,0,0,0,0,0,,
175,GJ,Gujarat,GJ_Mahisagar,Mahisagar,8867,0,8792,75,0,0,0,0,0,,
174,GJ,Gujarat,GJ_Mehsana,Mehsana,31059,21,30844,194,0,0,0,0,0,,
176,GJ,Gujarat,GJ_Morbi,Morbi,10776,5,10676,95,0,0,0,0,0,,
177,GJ,Gujarat,GJ_Narmada,Narmada,6640,0,6625,15,0,0,0,0,0,,
178,GJ,Gujarat,GJ_Navsari,Navsari,11931,18,11872,41,0,0,0,0,0,,
179,GJ,Gujarat,GJ_Panchmahal,Panchmahal,13552,2,13467,83,0,0,0,0,0,,
180,GJ,Gujarat,GJ_Patan,Patan,16253,6,16118,129,0,0,0,0,0,,
181,GJ,Gujarat,GJ_Porbandar,Porbandar,4185,1,4159,25,0,0,0,0,0,,
182,GJ,Gujarat,GJ_Rajkot,Rajkot,84730,63,83869,798,0,17,7,10,0,,
183,GJ,Gujarat,GJ_Sabarkantha,Sabarkantha,11776,3,11610,163,0,0,0,0,0,,
184,GJ,Gujarat,GJ_Surat,Surat,205397,266,203051,2080,0,57,37,20,0,,
185,GJ,Gujarat,GJ_Surendranagar,Surendranagar,10093,7,9947,139,0,0,0,0,0,,
186,GJ,Gujarat,GJ_Tapi,Tapi,5806,2,5774,30,0,0,0,0,0,,
188,GJ,Gujarat,GJ_Vadodara,Vadodara,140843,204,139718,921,0,39,21,18,0,,
189,GJ,Gujarat,GJ_Valsad,Valsad,12912,35,12787,90,0,8,4,4,0,,
212,HP,Himachal Pradesh,HP_Bilaspur,Bilaspur,18259,6,18157,95,1,1,0,1,0,,
213,HP,Himachal Pradesh,HP_Chamba,Chamba,16159,11,15974,172,2,3,2,1,0,,
214,HP,Himachal Pradesh,HP_Hamirpur,Hamirpur,23400,10,23059,330,1,0,-6,6,0,,
215,HP,Himachal Pradesh,HP_Kangra,Kangra,64078,83,62740,1248,7,15,1,13,1,,
216,HP,Himachal Pradesh,HP_Kinnaur,Kinnaur,4464,7,4416,41,0,1,1,0,0,,
217,HP,Himachal Pradesh,HP_Kullu,Kullu,11981,8,11808,162,3,3,3,0,0,,
218,HP,Himachal Pradesh,HP_Lahaul and Spiti,Lahaul and Spiti,3176,3,3155,18,0,1,-1,2,0,,
219,HP,Himachal Pradesh,HP_Mandi,Mandi,38903,33,38368,502,0,5,3,2,0,,
220,HP,Himachal Pradesh,HP_Shimla,Shimla,35810,16,35074,716,4,3,-4,7,0,,
221,HP,Himachal Pradesh,HP_Sirmaur,Sirmaur,19883,10,19652,221,0,6,5,1,0,,
222,HP,Himachal Pradesh,HP_Solan,Solan,30704,23,30345,336,0,2,-3,5,0,,
223,HP,Himachal Pradesh,HP_Una,Una,18730,3,18446,279,2,0,-1,1,0,,
0,HR,Haryana,HR_Foreign Evacuees,Foreign Evacuees,0,0,0,0,0,0,0,0,0,,
190,HR,Haryana,HR_Ambala,Ambala,40896,45,40309,542,0,14,11,3,0,,
191,HR,Haryana,HR_Bhiwani,Bhiwani,26591,25,25901,665,0,6,2,4,0,,
192,HR,Haryana,HR_Charkhi Dadri,Charkhi Dadri,7482,3,7334,145,0,1,1,0,0,,
193,HR,Haryana,HR_Faridabad,Faridabad,131192,729,129722,741,0,57,-25,82,0,,
194,HR,Haryana,HR_Fatehabad,Fatehabad,20095,9,19588,498,0,3,0,3,0,,
195,HR,Haryana,HR_Gurugram,Gurugram,280188,1450,277731,1007,0,278,-233,511,0,,
196,HR,Haryana,HR_Hisar,Hisar,62291,74,61042,1175,0,24,17,7,0,,
0,HR,Haryana,HR_Italians,Italians,0,0,0,0,0,0,0,0,0,,
197,HR,Haryana,HR_Jhajjar,Jhajjar,23569,20,23199,350,0,1,-3,4,0,,
198,HR,Haryana,HR_Jind,Jind,24408,27,23839,542,0,15,8,7,0,,
199,HR,Haryana,HR_Kaithal,Kaithal,14295,27,13897,371,0,3,3,0,0,,
200,HR,Haryana,HR_Karnal,Karnal,48362,75,47691,596,0,21,16,5,0,,
201,HR,Haryana,HR_Kurukshetra,Kurukshetra,26919,35,26486,398,0,16,15,1,0,,
202,HR,Haryana,HR_Mahendragarh,Mahendragarh,24760,6,24589,165,0,0,0,0,0,,
203,HR,Haryana,HR_Nuh,Nuh,6126,1,5986,139,0,0,0,0,0,,
204,HR,Haryana,HR_Palwal,Palwal,13521,8,13343,170,0,3,1,2,0,,
205,HR,Haryana,HR_Panchkula,Panchkula,44769,166,44188,415,0,41,12,28,1,,
206,HR,Haryana,HR_Panipat,Panipat,36160,34,35454,672,0,15,15,0,0,,
207,HR,Haryana,HR_Rewari,Rewari,24689,11,24454,224,0,2,1,1,0,,
208,HR,Haryana,HR_Rohtak,Rohtak,32100,84,31479,537,0,9,1,8,0,,
209,HR,Haryana,HR_Sirsa,Sirsa,33455,10,32906,539,0,1,-6,7,0,,
210,HR,Haryana,HR_Sonipat,Sonipat,58832,35,58521,276,0,14,-6,20,0,,
211,HR,Haryana,HR_Yamunanagar,Yamunanagar,30721,10,30256,455,0,3,-3,6,0,,
246,JH,Jharkhand,JH_Bokaro,Bokaro,23518,6,23213,299,0,0,0,0,0,,
247,JH,Jharkhand,JH_Chatra,Chatra,7883,0,7829,54,0,0,0,0,0,,
248,JH,Jharkhand,JH_Deoghar,Deoghar,14075,9,13946,120,0,0,0,0,0,,
249,JH,Jharkhand,JH_Dhanbad,Dhanbad,19946,0,19546,400,0,0,0,0,0,,
250,JH,Jharkhand,JH_Dumka,Dumka,7714,1,7666,47,0,0,0,0,0,,
264,JH,Jharkhand,JH_East Singhbhum,East Singhbhum,69810,15,68676,1119,0,0,0,0,0,,
251,JH,Jharkhand,JH_Garhwa,Garhwa,7796,1,7701,94,0,0,0,0,0,,
252,JH,Jharkhand,JH_Giridih,Giridih,9447,0,9316,131,0,0,0,0,0,,
253,JH,Jharkhand,JH_Godda,Godda,7432,0,7344,88,0,0,0,0,0,,
254,JH,Jharkhand,JH_Gumla,Gumla,10943,0,10901,42,0,0,0,0,0,,
255,JH,Jharkhand,JH_Hazaribagh,Hazaribagh,22650,0,22456,194,0,0,0,0,0,,
256,JH,Jharkhand,JH_Jamtara,Jamtara,6181,1,6119,61,0,0,0,0,0,,
257,JH,Jharkhand,JH_Khunti,Khunti,9157,0,9058,99,0,0,0,0,0,,
258,JH,Jharkhand,JH_Koderma,Koderma,14888,2,14745,141,0,0,0,0,0,,
259,JH,Jharkhand,JH_Latehar,Latehar,8811,3,8750,58,0,0,0,0,0,,
260,JH,Jharkhand,JH_Lohardaga,Lohardaga,7630,1,7540,89,0,0,0,0,0,,
261,JH,Jharkhand,JH_Pakur,Pakur,3039,0,3027,12,0,0,0,0,0,,
262,JH,Jharkhand,JH_Palamu,Palamu,14282,0,14171,111,0,0,0,0,0,,
265,JH,Jharkhand,JH_Ramgarh,Ramgarh,16060,0,15858,202,0,0,0,0,0,,
266,JH,Jharkhand,JH_Ranchi,Ranchi,113973,74,112293,1606,0,0,0,0,0,,
267,JH,Jharkhand,JH_Sahibganj,Sahibganj,5998,0,5956,42,0,0,0,0,0,,
268,JH,Jharkhand,JH_Saraikela-Kharsawan,Saraikela-Kharsawan,8173,0,8093,80,0,0,0,0,0,,
269,JH,Jharkhand,JH_Simdega,Simdega,10366,1,10272,93,0,0,0,0,0,,
263,JH,Jharkhand,JH_West Singhbhum,West Singhbhum,15791,0,15654,137,0,0,0,0,0,,
224,JK,Jammu and Kashmir,JK_Anantnag,Anantnag,22435,0,22216,219,0,0,0,0,0,,
226,JK,Jammu and Kashmir,JK_Bandipora,Bandipora,13688,0,13569,119,0,0,0,0,0,,
227,JK,Jammu and Kashmir,JK_Baramulla,Baramulla,37674,3,37367,304,0,0,0,0,0,,
225,JK,Jammu and Kashmir,JK_Budgam,Budgam,34856,6,34613,237,0,3,3,0,0,,
228,JK,Jammu and Kashmir,JK_Doda,Doda,11533,0,11389,144,0,0,0,0,0,,
229,JK,Jammu and Kashmir,JK_Ganderbal,Ganderbal,13627,0,13543,84,0,0,0,0,0,,
230,JK,Jammu and Kashmir,JK_Jammu,Jammu,76570,116,75228,1226,0,16,5,11,0,,
231,JK,Jammu and Kashmir,JK_Kathua,Kathua,11421,2,11253,166,0,1,1,0,0,,
232,JK,Jammu and Kashmir,JK_Kishtwar,Kishtwar,5895,0,5849,46,0,0,0,0,0,,
233,JK,Jammu and Kashmir,JK_Kulgam,Kulgam,16328,4,16205,119,0,4,4,0,0,,
234,JK,Jammu and Kashmir,JK_Kupwara,Kupwara,21771,10,21587,174,0,0,0,0,0,,
235,JK,Jammu and Kashmir,JK_Mirpur,Mirpur,0,0,0,0,0,0,0,0,0,,
236,JK,Jammu and Kashmir,JK_Muzaffarabad,Muzaffarabad,0,0,0,0,0,0,0,0,0,,
237,JK,Jammu and Kashmir,JK_Pulwama,Pulwama,18429,0,18228,201,0,0,0,0,0,,
238,JK,Jammu and Kashmir,JK_Punch,Punch,7741,0,7631,110,0,0,0,0,0,,
239,JK,Jammu and Kashmir,JK_Rajouri,Rajouri,12813,1,12563,249,0,0,-1,1,0,,
240,JK,Jammu and Kashmir,JK_Ramban,Ramban,8138,0,8069,69,0,0,0,0,0,,
241,JK,Jammu and Kashmir,JK_Reasi,Reasi,8704,0,8656,48,0,0,0,0,0,,
242,JK,Jammu and Kashmir,JK_Samba,Samba,9097,5,8967,125,0,3,3,0,0,,
243,JK,Jammu and Kashmir,JK_Shopiyan,Shopiyan,6307,0,6247,60,0,0,0,0,0,,
244,JK,Jammu and Kashmir,JK_Srinagar,Srinagar,102775,55,101812,908,0,11,7,3,1,,
245,JK,Jammu and Kashmir,JK_Udhampur,Udhampur,14783,7,14629,147,0,2,2,0,0,,
270,KA,Karnataka,KA_Bagalkote,Bagalkote,40687,1,40318,368,0,0,0,0,0,,
271,KA,Karnataka,KA_Ballari,Ballari,115560,33,113761,1764,2,5,3,2,0,,
272,KA,Karnataka,KA_Belagavi,Belagavi,100173,16,99151,1004,2,3,2,1,0,,
274,KA,Karnataka,KA_Bengaluru Rural,Bengaluru Rural,79332,11,78414,907,0,2,-1,3,0,,
273,KA,Karnataka,KA_Bengaluru Urban,Bengaluru Urban,1797860,4665,1776228,16966,1,626,-154,780,0,,
275,KA,Karnataka,KA_Bidar,Bidar,29813,1,29388,420,4,0,0,0,0,,
276,KA,Karnataka,KA_Chamarajanagara,Chamarajanagara,43618,0,43083,524,11,0,0,0,0,,
277,KA,Karnataka,KA_Chikkaballapura,Chikkaballapura,55629,0,55168,460,1,0,0,0,0,,
278,KA,Karnataka,KA_Chikkamagaluru,Chikkamagaluru,57264,2,56856,406,0,2,2,0,0,,
279,KA,Karnataka,KA_Chitradurga,Chitradurga,46385,0,46146,239,0,0,0,0,0,,
280,KA,Karnataka,KA_Dakshina Kannada,Dakshina Kannada,135731,44,133836,1841,10,4,-2,6,0,,
281,KA,Karnataka,KA_Davanagere,Davanagere,57547,1,56923,623,0,0,0,0,0,,
282,KA,Karnataka,KA_Dharwad,Dharwad,84131,8,82732,1384,7,2,-1,3,0,,
283,KA,Karnataka,KA_Gadag,Gadag,30586,1,30249,336,0,0,0,0,0,,
284,KA,Karnataka,KA_Hassan,Hassan,143879,0,142570,1307,2,0,0,0,0,,
285,KA,Karnataka,KA_Haveri,Haveri,26842,0,26173,669,0,0,0,0,0,,
286,KA,Karnataka,KA_Kalaburagi,Kalaburagi,76625,9,75735,881,0,2,2,0,0,,
287,KA,Karnataka,KA_Kodagu,Kodagu,49264,0,48911,352,1,0,0,0,0,,
288,KA,Karnataka,KA_Kolar,Kolar,63028,6,62358,664,0,0,0,0,0,,
289,KA,Karnataka,KA_Koppal,Koppal,41282,0,40744,538,0,0,0,0,0,,
290,KA,Karnataka,KA_Mandya,Mandya,101489,3,100775,711,0,2,2,0,0,,
291,KA,Karnataka,KA_Mysuru,Mysuru,229668,43,227066,2559,0,12,12,0,0,,
0,KA,Karnataka,KA_Other State,Other State,36,0,33,3,0,0,0,0,0,,
292,KA,Karnataka,KA_Raichur,Raichur,45456,0,45092,364,0,0,0,0,0,,
293,KA,Karnataka,KA_Ramanagara,Ramanagara,29815,4,29464,347,0,0,0,0,0,,
294,KA,Karnataka,KA_Shivamogga,Shivamogga,83350,12,82209,1128,1,2,2,0,0,,
295,KA,Karnataka,KA_Tumakuru,Tumakuru,159871,6,158647,1218,0,1,1,0,0,,
296,KA,Karnataka,KA_Udupi,Udupi,95664,11,95107,546,0,5,0,5,0,,
297,KA,Karnataka,KA_Uttara Kannada,Uttara Kannada,71204,14,70381,809,0,8,4,4,0,,
298,KA,Karnataka,KA_Vijayapura,Vijayapura,41019,1,40497,521,0,0,0,0,0,,
299,KA,Karnataka,KA_Yadgir,Yadgir,29967,0,29755,212,0,0,0,0,0,,
0,KL,Kerala,KL_Other State,Other State,0,0,0,0,0,0,0,0,0,,
300,KL,Kerala,KL_Alappuzha,Alappuzha,391978,-1987,388733,5192,40,220,43,177,0,,
301,KL,Kerala,KL_Ernakulam,Ernakulam,893585,7237,878294,7984,70,914,-41,955,0,,
302,KL,Kerala,KL_Idukki,Idukki,210025,1453,207103,1460,9,125,52,73,0,,
303,KL,Kerala,KL_Kannur,Kannur,349535,-413,345531,4364,53,89,26,63,0,,
304,KL,Kerala,KL_Kasaragod,Kasaragod,166802,2134,163298,1353,17,37,14,23,0,,
305,KL,Kerala,KL_Kollam,Kollam,512862,-1194,507611,6388,57,327,129,198,0,,
306,KL,Kerala,KL_Kottayam,Kottayam,453024,227,448328,4451,18,425,44,381,0,,
307,KL,Kerala,KL_Kozhikode,Kozhikode,675715,-1868,671289,6250,44,284,-12,296,0,,
308,KL,Kerala,KL_Malappuram,Malappuram,647806,-1547,643184,6137,32,102,27,75,0,,
309,KL,Kerala,KL_Palakkad,Palakkad,450422,3323,441421,5654,24,80,11,69,0,,
310,KL,Kerala,KL_Pathanamthitta,Pathanamthitta,271243,5915,262859,2458,11,245,30,215,0,,
311,KL,Kerala,KL_Thiruvananthapuram,Thiruvananthapuram,712816,3297,701081,8324,114,814,414,400,0,,
312,KL,Kerala,KL_Thrissur,Thrissur,671733,-1651,665998,7360,26,184,-25,209,0,,
313,KL,Kerala,KL_Wayanad,Wayanad,168586,1189,166392,991,14,44,6,38,0,,
314,LA,Ladakh,LA_Kargil,Kargil,5284,1,5223,60,0,0,0,0,0,,
315,LA,Ladakh,LA_Leh,Leh,23044,31,22845,168,0,0,0,0,0,,
316,LD,Lakshadweep,LD_Lakshadweep,Lakshadweep,11373,22,11256,51,44,0,0,0,0,,
369,MH,Maharashtra,MH_Ahmednagar,Ahmednagar,377874,71,370561,7242,0,9,-5,14,0,,
370,MH,Maharashtra,MH_Akola,Akola,66230,20,64740,1470,0,3,-1,4,0,,
371,MH,Maharashtra,MH_Amravati,Amravati,106011,20,104367,1624,0,8,-1,9,0,,
372,MH,Maharashtra,MH_Aurangabad,Aurangabad,176671,63,172324,4284,0,13,5,8,0,,
374,MH,Maharashtra,MH_Beed,Beed,109231,5,106341,2885,0,2,1,1,0,,
373,MH,Maharashtra,MH_Bhandara,Bhandara,68011,34,66835,1142,0,6,-2,8,0,,
375,MH,Maharashtra,MH_Buldhana,Buldhana,92066,27,91203,836,0,2,2,0,0,,
376,MH,Maharashtra,MH_Chandrapur,Chandrapur,98925,47,97286,1592,0,4,2,2,0,,
377,MH,Maharashtra,MH_Dhule,Dhule,50799,8,50121,670,0,2,2,0,0,,
378,MH,Maharashtra,MH_Gadchiroli,Gadchiroli,37042,27,36289,726,0,6,-4,10,0,,
379,MH,Maharashtra,MH_Gondia,Gondia,45445,13,44845,587,0,0,-3,3,0,,
380,MH,Maharashtra,MH_Hingoli,Hingoli,22194,12,21668,514,0,1,1,0,0,,
381,MH,Maharashtra,MH_Jalgaon,Jalgaon,149608,24,146822,2762,0,10,6,4,0,,
382,MH,Maharashtra,MH_Jalna,Jalna,66345,8,65113,1224,0,2,2,0,0,,
383,MH,Maharashtra,MH_Kolhapur,Kolhapur,220546,34,214608,5904,0,3,3,0,0,,
384,MH,Maharashtra,MH_Latur,Latur,105008,49,102470,2489,0,7,-2,9,0,,
385,MH,Maharashtra,MH_Mumbai,Mumbai,1098461,13501,1065372,19588,0,1648,-645,2291,2,"[Sep 9]After reconciling COVID-19 cases in Mumbai, owing to the removal of duplicates and change of addresses as per the original residence, 239 cases have been removed from the progressive figures.",
386,MH,Maharashtra,MH_Mumbai Suburban,Mumbai Suburban,0,0,0,0,0,0,0,0,0,,
387,MH,Maharashtra,MH_Nagpur,Nagpur,577108,306,567587,9215,0,22,-11,33,0,District administration provides number of persons tested instead of the number of samples tested.,
388,MH,Maharashtra,MH_Nanded,Nanded,102703,11,99988,2704,0,3,0,3,0,Number of active cases differs in the state bulletin and district bulletin. We follow the state bulletin.,
389,MH,Maharashtra,MH_Nandurbar,Nandurbar,46621,2,45657,962,0,1,1,0,0,,
390,MH,Maharashtra,MH_Nashik,Nashik,473302,204,464187,8911,0,29,26,3,0,Number of active cases differs in the state bulletin and district bulletin. We follow the state bulletin.,
391,MH,Maharashtra,MH_Osmanabad,Osmanabad,75206,20,73047,2139,0,4,3,1,0,,
0,MH,Maharashtra,MH_Other State,Other State,144,0,31,113,0,0,0,0,0,,
392,MH,Maharashtra,MH_Palghar,Palghar,165260,822,161030,3408,0,70,63,7,0,,
393,MH,Maharashtra,MH_Parbhani,Parbhani,58596,14,57303,1279,0,1,-1,2,0,,
394,MH,Maharashtra,MH_Pune,Pune,1459699,2310,1436844,20545,0,422,197,225,0,Number of active cases differs in the state bulletin and district bulletin. We follow the state bulletin.,
395,MH,Maharashtra,MH_Raigad,Raigad,247432,1087,241397,4948,0,194,41,152,1,Number of active cases differs in the state bulletin and district bulletin. We follow the state bulletin.,
396,MH,Maharashtra,MH_Ratnagiri,Ratnagiri,84584,52,81986,2546,0,5,-7,12,0,,
397,MH,Maharashtra,MH_Sangli,Sangli,227127,15,221446,5666,0,6,2,4,0,,
398,MH,Maharashtra,MH_Satara,Satara,278306,38,271552,6716,0,3,-4,7,0,,
399,MH,Maharashtra,MH_Sindhudurg,Sindhudurg,57265,61,55671,1533,0,6,2,4,0,,
400,MH,Maharashtra,MH_Solapur,Solapur,227146,35,221232,5879,0,5,-1,6,0,,
401,MH,Maharashtra,MH_Thane,Thane,780611,5621,763070,11920,0,754,52,702,0,,
402,MH,Maharashtra,MH_Wardha,Wardha,65728,23,64297,1408,0,2,-1,3,0,,
403,MH,Maharashtra,MH_Washim,Washim,45718,42,45035,641,0,7,2,5,0,,
404,MH,Maharashtra,MH_Yavatmal,Yavatmal,81999,13,80166,1820,0,0,-1,1,0,,
421,ML,Meghalaya,ML_East Garo Hills,East Garo Hills,2049,0,2032,17,0,0,0,0,0,,
422,ML,Meghalaya,ML_East Jaintia Hills,East Jaintia Hills,2627,0,2589,38,0,0,0,0,0,,
423,ML,Meghalaya,ML_East Khasi Hills,East Khasi Hills,47131,6,46050,1075,0,0,-1,1,0,,
424,ML,Meghalaya,ML_North Garo Hills,North Garo Hills,1881,0,1872,9,0,0,0,0,0,,
425,ML,Meghalaya,ML_Ribhoi,Ribhoi,10338,8,10231,99,0,0,0,0,0,,
426,ML,Meghalaya,ML_South Garo Hills,South Garo Hills,1343,0,1330,13,0,0,0,0,0,,
427,ML,Meghalaya,ML_South West Garo Hills,South West Garo Hills,2094,0,2074,20,0,0,0,0,0,,
428,ML,Meghalaya,ML_South West Khasi Hills,South West Khasi Hills,2701,0,2681,20,0,0,-3,3,0,,
429,ML,Meghalaya,ML_West Garo Hills,West Garo Hills,10725,0,10645,80,0,0,0,0,0,,
430,ML,Meghalaya,ML_West Jaintia Hills,West Jaintia Hills,7193,1,7053,139,0,0,0,0,0,,
431,ML,Meghalaya,ML_West Khasi Hills,West Khasi Hills,5655,1,5578,76,0,0,0,0,0,,
767,ML,Meghalaya,ML_Eastern West Khasi Hills,Eastern West Khasi Hills,141,0,133,8,0,0,0,0,0,,
0,MN,Manipur,MN_CAPF Personnel,CAPF Personnel,3537,1854,1681,2,0,0,0,0,0,,
405,MN,Manipur,MN_Bishnupur,Bishnupur,9739,9485,58,196,0,0,0,0,0,,
406,MN,Manipur,MN_Chandel,Chandel,2378,2333,4,41,0,0,0,0,0,,
407,MN,Manipur,MN_Churachandpur,Churachandpur,10523,10303,58,162,0,0,0,0,0,,
408,MN,Manipur,MN_Imphal East,Imphal East,29608,28960,150,498,0,0,0,0,0,,
409,MN,Manipur,MN_Imphal West,Imphal West,47553,46841,52,660,0,0,0,0,0,,
410,MN,Manipur,MN_Jiribam,Jiribam,999,991,2,6,0,0,0,0,0,,
411,MN,Manipur,MN_Kakching,Kakching,6787,6640,27,120,0,0,0,0,0,,
412,MN,Manipur,MN_Kamjong,Kamjong,928,907,17,4,0,0,0,0,0,,
413,MN,Manipur,MN_Kangpokpi,Kangpokpi,2552,2470,19,63,0,0,0,0,0,,
414,MN,Manipur,MN_Noney,Noney,1058,1035,18,5,0,0,0,0,0,,
415,MN,Manipur,MN_Pherzawl,Pherzawl,465,450,15,0,0,0,0,0,0,,
416,MN,Manipur,MN_Senapati,Senapati,2215,2182,21,12,0,0,0,0,0,,
417,MN,Manipur,MN_Tamenglong,Tamenglong,3357,3309,32,16,0,0,0,0,0,,
418,MN,Manipur,MN_Tengnoupal,Tengnoupal,1045,1019,13,13,0,0,0,0,0,,
419,MN,Manipur,MN_Thoubal,Thoubal,9966,9766,23,177,0,0,0,0,0,,
420,MN,Manipur,MN_Ukhrul,Ukhrul,2840,2771,18,51,0,0,0,0,0,,
317,MP,Madhya Pradesh,MP_Agar Malwa,Agar Malwa,4151,0,4081,70,0,0,0,0,0,,
318,MP,Madhya Pradesh,MP_Alirajpur,Alirajpur,4430,0,4377,53,0,0,0,0,0,,
319,MP,Madhya Pradesh,MP_Anuppur,Anuppur,10871,0,10752,119,0,0,0,0,0,,
320,MP,Madhya Pradesh,MP_Ashoknagar,Ashoknagar,5194,0,5135,59,0,0,0,0,0,,
321,MP,Madhya Pradesh,MP_Balaghat,Balaghat,11703,6,11627,70,0,0,-1,1,0,,
322,MP,Madhya Pradesh,MP_Barwani,Barwani,10211,0,10033,178,0,0,0,0,0,,
323,MP,Madhya Pradesh,MP_Betul,Betul,16505,1,16207,297,0,0,0,0,0,,
324,MP,Madhya Pradesh,MP_Bhind,Bhind,3705,0,3673,32,0,0,0,0,0,,
325,MP,Madhya Pradesh,MP_Bhopal,Bhopal,173142,138,171963,1041,0,19,4,15,0,,
326,MP,Madhya Pradesh,MP_Burhanpur,Burhanpur,3074,1,3034,39,0,1,1,0,0,,
327,MP,Madhya Pradesh,MP_Chhatarpur,Chhatarpur,10142,2,10025,115,0,0,0,0,0,,
328,MP,Madhya Pradesh,MP_Chhindwara,Chhindwara,9089,0,8967,122,0,0,0,0,0,,
329,MP,Madhya Pradesh,MP_Damoh,Damoh,10949,0,10697,252,0,0,0,0,0,,
330,MP,Madhya Pradesh,MP_Datia,Datia,9933,2,9776,155,0,0,-1,1,0,,
331,MP,Madhya Pradesh,MP_Dewas,Dewas,9903,0,9852,51,0,0,0,0,0,,
332,MP,Madhya Pradesh,MP_Dhar,Dhar,16743,0,16426,317,0,0,0,0,0,,
333,MP,Madhya Pradesh,MP_Dindori,Dindori,5701,7,5665,29,0,0,0,0,0,,
335,MP,Madhya Pradesh,MP_Guna,Guna,7062,0,6980,82,0,0,-1,1,0,,
336,MP,Madhya Pradesh,MP_Gwalior,Gwalior,65788,19,65031,738,0,1,-2,3,0,,
337,MP,Madhya Pradesh,MP_Harda,Harda,7055,2,6953,100,0,0,0,0,0,,
338,MP,Madhya Pradesh,MP_Hoshangabad,Hoshangabad,15065,14,14921,130,0,5,4,1,0,,
339,MP,Madhya Pradesh,MP_Indore,Indore,208386,156,206767,1463,0,15,-4,19,0,,
340,MP,Madhya Pradesh,MP_Jabalpur,Jabalpur,67541,33,66709,799,0,2,-3,5,0,,
341,MP,Madhya Pradesh,MP_Jhabua,Jhabua,10310,0,10224,86,0,0,0,0,0,,
342,MP,Madhya Pradesh,MP_Katni,Katni,11378,13,11234,131,0,1,0,1,0,,
334,MP,Madhya Pradesh,MP_Khandwa,Khandwa,6531,2,6434,95,0,0,0,0,0,,
368,MP,Madhya Pradesh,MP_Khargone,Khargone,19501,0,19142,359,0,0,0,0,0,,
343,MP,Madhya Pradesh,MP_Mandla,Mandla,6797,5,6756,36,0,1,1,0,0,,
344,MP,Madhya Pradesh,MP_Mandsaur,Mandsaur,9832,0,9701,131,0,0,0,0,0,,
345,MP,Madhya Pradesh,MP_Morena,Morena,10053,3,9948,102,0,0,0,0,0,,
346,MP,Madhya Pradesh,MP_Narsinghpur,Narsinghpur,13883,7,13792,84,0,2,1,1,0,,
347,MP,Madhya Pradesh,MP_Neemuch,Neemuch,9498,0,9241,257,0,0,0,0,0,,
348,MP,Madhya Pradesh,MP_Niwari,Niwari,5069,2,5019,48,0,0,0,0,0,,
0,MP,Madhya Pradesh,MP_Other Region,Other Region,0,0,0,0,0,0,0,0,0,,
349,MP,Madhya Pradesh,MP_Panna,Panna,8836,0,8773,63,0,0,0,0,0,,
350,MP,Madhya Pradesh,MP_Raisen,Raisen,13638,17,13422,199,0,1,-1,2,0,,
351,MP,Madhya Pradesh,MP_Rajgarh,Rajgarh,10918,3,10732,183,0,0,0,0,0,,
352,MP,Madhya Pradesh,MP_Ratlam,Ratlam,21080,0,20692,388,0,0,0,0,0,,
353,MP,Madhya Pradesh,MP_Rewa,Rewa,19511,0,19355,156,0,0,0,0,0,,
354,MP,Madhya Pradesh,MP_Sagar,Sagar,23128,5,22684,439,0,0,0,0,0,,
355,MP,Madhya Pradesh,MP_Satna,Satna,13872,1,13737,134,0,0,0,0,0,,
356,MP,Madhya Pradesh,MP_Sehore,Sehore,14358,7,14226,125,0,0,-2,2,0,,
357,MP,Madhya Pradesh,MP_Seoni,Seoni,10325,0,10297,28,0,0,0,0,0,,
358,MP,Madhya Pradesh,MP_Shahdol,Shahdol,12927,0,12758,169,0,0,0,0,0,,
359,MP,Madhya Pradesh,MP_Shajapur,Shajapur,7495,0,7370,125,0,0,0,0,0,,
360,MP,Madhya Pradesh,MP_Sheopur,Sheopur,4981,0,4903,78,0,0,0,0,0,,
361,MP,Madhya Pradesh,MP_Shivpuri,Shivpuri,16007,2,15818,187,0,0,0,0,0,,
362,MP,Madhya Pradesh,MP_Sidhi,Sidhi,10236,0,10147,89,0,0,0,0,0,,
363,MP,Madhya Pradesh,MP_Singrauli,Singrauli,9584,1,9500,83,0,1,1,0,0,,
364,MP,Madhya Pradesh,MP_Tikamgarh,Tikamgarh,8155,0,8039,116,0,0,0,0,0,,
365,MP,Madhya Pradesh,MP_Ujjain,Ujjain,24215,4,24034,177,0,0,0,0,0,,
366,MP,Madhya Pradesh,MP_Umaria,Umaria,8089,0,8013,76,0,0,0,0,0,,
367,MP,Madhya Pradesh,MP_Vidisha,Vidisha,17186,1,16900,285,0,0,0,0,0,,
432,MZ,Mizoram,MZ_Aizawl,Aizawl,122890,54,122391,445,0,10,1,8,1,,
433,MZ,Mizoram,MZ_Champhai,Champhai,10763,0,10731,32,0,0,-1,1,0,,
729,MZ,Mizoram,MZ_Hnahthial,Hnahthial,4002,1,3993,8,0,1,1,0,0,,
730,MZ,Mizoram,MZ_Khawzawl,Khawzawl,6100,1,6094,5,0,0,0,0,0,,
434,MZ,Mizoram,MZ_Kolasib,Kolasib,12203,17,12143,43,0,1,-4,5,0,,
435,MZ,Mizoram,MZ_Lawngtlai,Lawngtlai,9157,0,9129,28,0,0,0,0,0,,
436,MZ,Mizoram,MZ_Lunglei,Lunglei,20818,10,20759,49,0,3,0,3,0,,
437,MZ,Mizoram,MZ_Mamit,Mamit,14426,8,14396,22,0,5,0,5,0,,
438,MZ,Mizoram,MZ_Saiha,Saiha,6945,0,6924,21,0,0,0,0,0,,
728,MZ,Mizoram,MZ_Saitual,Saitual,7458,9,7435,14,0,1,0,1,0,,
439,MZ,Mizoram,MZ_Serchhip,Serchhip,14010,1,13974,35,0,0,0,0,0,,
0,NL,Nagaland,NL_Others,Others,0,0,0,0,0,0,0,0,0,,
440,NL,Nagaland,NL_Dimapur,Dimapur,17299,-2,15745,478,1078,0,0,0,0,,
441,NL,Nagaland,NL_Kiphire,Kiphire,274,0,264,9,1,0,0,0,0,,
442,NL,Nagaland,NL_Kohima,Kohima,10048,-4,9682,132,238,0,0,0,0,,
443,NL,Nagaland,NL_Longleng,Longleng,315,0,295,2,18,0,0,0,0,,
444,NL,Nagaland,NL_Mokokchung,Mokokchung,2491,-1,2361,59,72,0,0,0,0,,
445,NL,Nagaland,NL_Mon,Mon,1175,0,1138,15,22,0,0,0,0,,
446,NL,Nagaland,NL_Peren,Peren,984,0,957,6,21,0,0,0,0,,
447,NL,Nagaland,NL_Phek,Phek,636,0,608,19,9,0,0,0,0,,
448,NL,Nagaland,NL_Tuensang,Tuensang,1194,-1,1178,14,3,0,0,0,0,,
449,NL,Nagaland,NL_Wokha,Wokha,456,4,423,11,18,0,0,0,0,,
450,NL,Nagaland,NL_Zunheboto,Zunheboto,630,3,599,16,12,0,0,0,0,,
0,OR,Odisha,OR_State Pool,State Pool,47161,34,47126,1,0,4,-2,6,0,,
0,OR,Odisha,OR_Others,Others,0,0,0,0,0,0,0,0,0,,
451,OR,Odisha,OR_Angul,Angul,48054,2,47634,418,0,1,1,0,0,,
452,OR,Odisha,OR_Balangir,Balangir,28995,2,28862,131,0,0,0,0,0,,
453,OR,Odisha,OR_Balasore,Balasore,49032,14,48653,365,0,3,2,1,0,,
454,OR,Odisha,OR_Bargarh,Bargarh,34549,1,34195,353,0,0,0,0,0,,
456,OR,Odisha,OR_Bhadrak,Bhadrak,29480,1,29302,177,0,0,0,0,0,,
455,OR,Odisha,OR_Boudh,Boudh,14606,13,14480,113,0,0,0,0,0,,
457,OR,Odisha,OR_Cuttack,Cuttack,113845,23,112911,911,0,12,7,5,0,,
458,OR,Odisha,OR_Deogarh,Deogarh,8558,0,8505,53,0,0,0,0,0,,
459,OR,Odisha,OR_Dhenkanal,Dhenkanal,22367,2,22100,265,0,2,2,0,0,,
460,OR,Odisha,OR_Gajapati,Gajapati,13134,0,13050,84,0,0,0,0,0,,
461,OR,Odisha,OR_Ganjam,Ganjam,36763,1,36242,520,0,0,0,0,0,,
462,OR,Odisha,OR_Jagatsinghpur,Jagatsinghpur,32100,5,31751,344,0,0,-2,2,0,,
463,OR,Odisha,OR_Jajpur,Jajpur,50308,2,50105,201,0,2,2,0,0,,
464,OR,Odisha,OR_Jharsuguda,Jharsuguda,28485,3,28300,182,0,0,0,0,0,,
465,OR,Odisha,OR_Kalahandi,Kalahandi,28672,0,28453,219,0,0,0,0,0,,
466,OR,Odisha,OR_Kandhamal,Kandhamal,13535,0,13440,95,0,0,0,0,0,,
467,OR,Odisha,OR_Kendrapara,Kendrapara,27975,0,27700,275,0,0,0,0,0,,
468,OR,Odisha,OR_Kendujhar,Kendujhar,24266,2,24069,195,0,0,0,0,0,,
469,OR,Odisha,OR_Khordha,Khordha,245253,147,243346,1760,0,18,-4,22,0,,
470,OR,Odisha,OR_Koraput,Koraput,23600,0,23516,84,0,0,0,0,0,,
471,OR,Odisha,OR_Malkangiri,Malkangiri,12868,0,12817,51,0,0,0,0,0,,
472,OR,Odisha,OR_Mayurbhanj,Mayurbhanj,48443,1,48131,311,0,1,1,0,0,,
473,OR,Odisha,OR_Nabarangapur,Nabarangapur,27431,0,27338,93,0,0,0,0,0,,
474,OR,Odisha,OR_Nayagarh,Nayagarh,28399,2,28168,229,0,0,0,0,0,,
475,OR,Odisha,OR_Nuapada,Nuapada,26768,2,26675,91,0,0,0,0,0,,
476,OR,Odisha,OR_Puri,Puri,49998,9,49499,490,0,1,1,0,0,,
477,OR,Odisha,OR_Rayagada,Rayagada,24822,1,24647,174,0,0,0,0,0,,
478,OR,Odisha,OR_Sambalpur,Sambalpur,42223,7,41969,247,0,1,1,0,0,,
479,OR,Odisha,OR_Subarnapur,Subarnapur,16427,0,16365,62,0,0,0,0,0,,
480,OR,Odisha,OR_Sundargarh,Sundargarh,90878,7,90186,685,0,0,0,0,0,,
485,PB,Punjab,PB_Amritsar,Amritsar,59527,33,57811,1683,0,13,12,0,1,,
486,PB,Punjab,PB_Barnala,Barnala,7505,1,7155,349,0,0,0,0,0,,
487,PB,Punjab,PB_Bathinda,Bathinda,50976,44,49844,1088,0,6,4,2,0,,
488,PB,Punjab,PB_Faridkot,Faridkot,16848,32,16478,338,0,4,4,0,0,,
489,PB,Punjab,PB_Fatehgarh Sahib,Fatehgarh Sahib,11879,18,11507,354,0,3,1,2,0,,
490,PB,Punjab,PB_Fazilka,Fazilka,23440,7,22888,545,0,2,0,2,0,,
491,PB,Punjab,PB_Ferozepur,Ferozepur,17930,10,17383,537,0,2,2,0,0,,
492,PB,Punjab,PB_Gurdaspur,Gurdaspur,26973,6,26102,865,0,2,1,1,0,,
493,PB,Punjab,PB_Hoshiarpur,Hoshiarpur,40929,15,39818,1096,0,2,1,1,0,,
494,PB,Punjab,PB_Jalandhar,Jalandhar,78487,39,76869,1579,0,10,3,7,0,,
495,PB,Punjab,PB_Kapurthala,Kapurthala,22088,6,21499,583,0,2,0,2,0,,
496,PB,Punjab,PB_Ludhiana,Ludhiana,110189,136,107767,2286,0,19,2,16,1,,
497,PB,Punjab,PB_Mansa,Mansa,17239,4,16842,393,0,0,-1,1,0,,
498,PB,Punjab,PB_Moga,Moga,11003,5,10743,255,0,2,1,1,0,,
499,PB,Punjab,PB_Pathankot,Pathankot,24609,15,24099,495,0,0,-7,7,0,,
500,PB,Punjab,PB_Patiala,Patiala,62347,61,60829,1457,0,20,12,8,0,,
501,PB,Punjab,PB_Rupnagar,Rupnagar,17996,18,17523,455,0,2,1,1,0,,
502,PB,Punjab,PB_S.A.S. Nagar,S.A.S. Nagar,96446,210,95086,1150,0,37,5,32,0,,
503,PB,Punjab,PB_Sangrur,Sangrur,14320,7,13578,735,0,6,5,1,0,,
504,PB,Punjab,PB_Shahid Bhagat Singh Nagar,Shahid Bhagat Singh Nagar,13430,2,13019,409,0,0,-1,1,0,,
505,PB,Punjab,PB_Sri Muktsar Sahib,Sri Muktsar Sahib,22572,5,22028,539,0,1,1,0,0,,
506,PB,Punjab,PB_Tarn Taran,Tarn Taran,10911,6,10511,394,0,0,0,0,0,,
768,PB,Punjab,PB_Malerkotla,Malerkotla,3977,1,3800,176,0,1,0,1,0,,
481,PY,Puducherry,PY_Karaikal,Karaikal,23094,6,22824,264,0,1,-4,5,0,"2 case of TN has been transferred,so has been reduced from the total count.",
482,PY,Puducherry,PY_Mahe,Mahe,6777,6,6716,55,0,1,-2,3,0,"1 case of KL have been transferred,so have been reduced from the total count",
483,PY,Puducherry,PY_Puducherry,Puducherry,127674,120,126024,1530,0,15,1,14,0,"209 cases(204 of TN, 1 of AP and 4 other) have been transferred,so have been reduced from the total count.[July 18]4 cases have transferred to TN and have been reduced from recovered cases.",
484,PY,Puducherry,PY_Yanam,Yanam,8580,10,8457,113,0,1,-3,4,0,"2 cases of AP have been transferred,so have been reduced from the total count",
507,RJ,Rajasthan,RJ_Ajmer,Ajmer,49870,57,49366,447,0,8,8,0,0,,
508,RJ,Rajasthan,RJ_Alwar,Alwar,84810,57,84432,321,0,6,5,1,0,,
509,RJ,Rajasthan,RJ_Banswara,Banswara,14771,0,14665,106,0,0,0,0,0,,
510,RJ,Rajasthan,RJ_Baran,Baran,15309,1,15244,64,0,0,-1,1,0,,
511,RJ,Rajasthan,RJ_Barmer,Barmer,21455,0,21250,205,0,0,0,0,0,,
512,RJ,Rajasthan,RJ_Bharatpur,Bharatpur,31451,0,31179,272,0,0,0,0,0,,
513,RJ,Rajasthan,RJ_Bhilwara,Bhilwara,38215,15,38038,162,0,9,5,4,0,,
514,RJ,Rajasthan,RJ_Bikaner,Bikaner,50122,83,49452,587,0,6,-9,15,0,,
0,RJ,Rajasthan,RJ_BSF Camp,BSF Camp,85,0,85,0,0,0,0,0,0,,
515,RJ,Rajasthan,RJ_Bundi,Bundi,9715,0,9660,55,0,0,0,0,0,,
516,RJ,Rajasthan,RJ_Chittorgarh,Chittorgarh,29415,16,29259,140,0,3,0,3,0,,
517,RJ,Rajasthan,RJ_Churu,Churu,20908,21,20772,115,0,3,-2,5,0,,
518,RJ,Rajasthan,RJ_Dausa,Dausa,15859,14,15764,81,0,0,0,0,0,,
519,RJ,Rajasthan,RJ_Dholpur,Dholpur,13966,0,13917,49,0,0,-1,1,0,,
520,RJ,Rajasthan,RJ_Dungarpur,Dungarpur,25499,1,25364,134,0,0,0,0,0,,
0,RJ,Rajasthan,RJ_Evacuees,Evacuees,61,0,61,0,0,0,0,0,0,,
521,RJ,Rajasthan,RJ_Ganganagar,Ganganagar,28167,11,27998,158,0,0,-1,1,0,,
522,RJ,Rajasthan,RJ_Hanumangarh,Hanumangarh,22524,3,22407,114,0,2,2,0,0,,
0,RJ,Rajasthan,RJ_Italians,Italians,2,0,2,0,0,0,0,0,0,,
523,RJ,Rajasthan,RJ_Jaipur,Jaipur,276821,282,274426,2113,0,31,-15,46,0,,
524,RJ,Rajasthan,RJ_Jaisalmer,Jaisalmer,17036,0,16968,68,0,0,0,0,0,,
525,RJ,Rajasthan,RJ_Jalore,Jalore,10559,8,10473,78,0,0,0,0,0,,
526,RJ,Rajasthan,RJ_Jhalawar,Jhalawar,17759,2,17550,207,0,1,1,0,0,,
527,RJ,Rajasthan,RJ_Jhunjhunu,Jhunjhunu,19160,0,18979,181,0,0,0,0,0,,
528,RJ,Rajasthan,RJ_Jodhpur,Jodhpur,141247,64,140019,1164,0,21,14,7,0,,
529,RJ,Rajasthan,RJ_Karauli,Karauli,8968,0,8884,84,0,0,0,0,0,,
530,RJ,Rajasthan,RJ_Kota,Kota,70126,1,69648,477,0,0,-1,1,0,,
531,RJ,Rajasthan,RJ_Nagaur,Nagaur,23717,16,23501,200,0,2,-4,6,0,,
0,RJ,Rajasthan,RJ_Other State,Other State,189,0,150,39,0,0,0,0,0,,
532,RJ,Rajasthan,RJ_Pali,Pali,35853,0,35555,298,0,0,0,0,0,,
533,RJ,Rajasthan,RJ_Pratapgarh,Pratapgarh,11876,1,11810,65,0,0,0,0,0,,
534,RJ,Rajasthan,RJ_Rajsamand,Rajsamand,23040,5,22857,178,0,0,0,0,0,,
535,RJ,Rajasthan,RJ_Sawai Madhopur,Sawai Madhopur,15822,1,15755,66,0,0,-1,1,0,,
536,RJ,Rajasthan,RJ_Sikar,Sikar,38111,11,37732,368,0,1,0,1,0,,
537,RJ,Rajasthan,RJ_Sirohi,Sirohi,17235,8,17139,88,0,0,0,0,0,,
538,RJ,Rajasthan,RJ_Tonk,Tonk,13316,7,13207,102,0,3,3,0,0,,
539,RJ,Rajasthan,RJ_Udaipur,Udaipur,74380,28,73577,775,0,6,2,4,0,,
540,SK,Sikkim,SK_East Sikkim,East Sikkim,17188,12045,4917,148,78,0,0,0,0,,
541,SK,Sikkim,SK_North Sikkim,North Sikkim,836,754,72,1,9,0,0,0,0,,
542,SK,Sikkim,SK_South Sikkim,South Sikkim,6699,6244,438,2,15,0,0,0,0,,
543,SK,Sikkim,SK_West Sikkim,West Sikkim,5748,5567,137,19,25,0,0,0,0,,
0,TG,Telangana,TG_Foreign Evacuees,Foreign Evacuees,33,33,0,0,0,0,0,0,0,District-wise numbers are out-dated as cumulative counts for each district are not reported in Telangana bulletin,
0,TG,Telangana,TG_Other State,Other State,250,250,0,0,0,0,0,0,0,District-wise numbers are out-dated as cumulative counts for each district are not reported in Telangana bulletin,
576,TG,Telangana,TG_Adilabad,Adilabad,8426,8411,15,0,0,5,5,0,0,District-wise numbers are out-dated as cumulative counts for each district are not reported in Telangana bulletin,
577,TG,Telangana,TG_Bhadradri Kothagudem,Bhadradri Kothagudem,21367,21363,4,0,0,1,1,0,0,District-wise numbers are out-dated as cumulative counts for each district are not reported in Telangana bulletin,
578,TG,Telangana,TG_Hyderabad,Hyderabad,194754,194426,305,23,0,292,292,0,0,District-wise numbers are out-dated as cumulative counts for each district are not reported in Telangana bulletin,
579,TG,Telangana,TG_Jagtial,Jagtial,19337,19335,2,0,0,1,1,0,0,District-wise numbers are out-dated as cumulative counts for each district are not reported in Telangana bulletin,
580,TG,Telangana,TG_Jangaon,Jangaon,8849,8848,1,0,0,0,0,0,0,District-wise numbers are out-dated as cumulative counts for each district are not reported in Telangana bulletin,
581,TG,Telangana,TG_Jayashankar Bhupalapally,Jayashankar Bhupalapally,7512,7512,0,0,0,0,0,0,0,District-wise numbers are out-dated as cumulative counts for each district are not reported in Telangana bulletin,
582,TG,Telangana,TG_Jogulamba Gadwal,Jogulamba Gadwal,7942,7916,25,1,0,0,0,0,0,District-wise numbers are out-dated as cumulative counts for each district are not reported in Telangana bulletin,
583,TG,Telangana,TG_Kamareddy,Kamareddy,12596,12588,8,0,0,0,0,0,0,District-wise numbers are out-dated as cumulative counts for each district are not reported in Telangana bulletin,
584,TG,Telangana,TG_Karimnagar,Karimnagar,34141,34125,16,0,0,2,2,0,0,District-wise numbers are out-dated as cumulative counts for each district are not reported in Telangana bulletin,
585,TG,Telangana,TG_Khammam,Khammam,31612,31609,3,0,0,5,5,0,0,District-wise numbers are out-dated as cumulative counts for each district are not reported in Telangana bulletin,
586,TG,Telangana,TG_Komaram Bheem,Komaram Bheem,5163,5161,2,0,0,0,0,0,0,District-wise numbers are out-dated as cumulative counts for each district are not reported in Telangana bulletin,
587,TG,Telangana,TG_Mahabubabad,Mahabubabad,14973,14972,1,0,0,3,3,0,0,District-wise numbers are out-dated as cumulative counts for each district are not reported in Telangana bulletin,
588,TG,Telangana,TG_Mahabubnagar,Mahabubnagar,18903,18895,8,0,0,1,1,0,0,District-wise numbers are out-dated as cumulative counts for each district are not reported in Telangana bulletin,
589,TG,Telangana,TG_Mancherial,Mancherial,18956,18955,0,1,0,4,4,0,0,District-wise numbers are out-dated as cumulative counts for each district are not reported in Telangana bulletin,
590,TG,Telangana,TG_Medak,Medak,9805,9801,4,0,0,0,0,0,0,District-wise numbers are out-dated as cumulative counts for each district are not reported in Telangana bulletin,
591,TG,Telangana,TG_Medchal Malkajgiri,Medchal Malkajgiri,56007,55997,9,1,0,28,28,0,0,District-wise numbers are out-dated as cumulative counts for each district are not reported in Telangana bulletin,
592,TG,Telangana,TG_Mulugu,Mulugu,7334,7332,2,0,0,0,0,0,0,District-wise numbers are out-dated as cumulative counts for each district are not reported in Telangana bulletin,
593,TG,Telangana,TG_Nagarkurnool,Nagarkurnool,13621,13619,2,0,0,0,0,0,0,District-wise numbers are out-dated as cumulative counts for each district are not reported in Telangana bulletin,
594,TG,Telangana,TG_Nalgonda,Nalgonda,32688,32676,12,0,0,2,2,0,0,District-wise numbers are out-dated as cumulative counts for each district are not reported in Telangana bulletin,
595,TG,Telangana,TG_Narayanpet,Narayanpet,3898,3897,0,1,0,0,0,0,0,District-wise numbers are out-dated as cumulative counts for each district are not reported in Telangana bulletin,
596,TG,Telangana,TG_Nirmal,Nirmal,8263,8250,13,0,0,0,0,0,0,District-wise numbers are out-dated as cumulative counts for each district are not reported in Telangana bulletin,
597,TG,Telangana,TG_Nizamabad,Nizamabad,23260,23230,30,0,0,0,0,0,0,District-wise numbers are out-dated as cumulative counts for each district are not reported in Telangana bulletin,
598,TG,Telangana,TG_Peddapalli,Peddapalli,18338,18337,1,0,0,2,2,0,0,District-wise numbers are out-dated as cumulative counts for each district are not reported in Telangana bulletin,
599,TG,Telangana,TG_Rajanna Sircilla,Rajanna Sircilla,13605,13603,2,0,0,0,0,0,0,District-wise numbers are out-dated as cumulative counts for each district are not reported in Telangana bulletin,
600,TG,Telangana,TG_Ranga Reddy,Ranga Reddy,59064,59045,17,2,0,71,71,0,0,District-wise numbers are out-dated as cumulative counts for each district are not reported in Telangana bulletin,
601,TG,Telangana,TG_Sangareddy,Sangareddy,22574,22568,6,0,0,5,5,0,0,District-wise numbers are out-dated as cumulative counts for each district are not reported in Telangana bulletin,
602,TG,Telangana,TG_Siddipet,Siddipet,22042,22041,1,0,0,2,2,0,0,District-wise numbers are out-dated as cumulative counts for each district are not reported in Telangana bulletin,
603,TG,Telangana,TG_Suryapet,Suryapet,19836,19812,24,0,0,7,7,0,0,District-wise numbers are out-dated as cumulative counts for each district are not reported in Telangana bulletin,
604,TG,Telangana,TG_Vikarabad,Vikarabad,12361,12345,15,1,0,1,1,0,0,District-wise numbers are out-dated as cumulative counts for each district are not reported in Telangana bulletin,
605,TG,Telangana,TG_Wanaparthy,Wanaparthy,10968,10968,0,0,0,0,0,0,0,District-wise numbers are out-dated as cumulative counts for each district are not reported in Telangana bulletin,
606,TG,Telangana,TG_Warangal Rural,Warangal Rural,12249,12249,0,0,0,0,0,0,0,District-wise numbers are out-dated as cumulative counts for each district are not reported in Telangana bulletin,
607,TG,Telangana,TG_Warangal Urban,Warangal Urban,31504,31481,23,0,0,0,0,0,0,District-wise numbers are out-dated as cumulative counts for each district are not reported in Telangana bulletin,
608,TG,Telangana,TG_Yadadri Bhuvanagiri,Yadadri Bhuvanagiri,13403,13403,0,0,0,2,2,0,0,District-wise numbers are out-dated as cumulative counts for each district are not reported in Telangana bulletin,
0,TN,Tamil Nadu,TN_Railway Quarantine,Railway Quarantine,428,0,428,0,0,0,0,0,0,,
0,TN,Tamil Nadu,TN_Airport Quarantine,Airport Quarantine,2454,21,2431,2,0,0,-4,4,0,,
0,TN,Tamil Nadu,TN_Other State,Other State,0,0,0,0,0,0,0,0,0,,
544,TN,Tamil Nadu,TN_Ariyalur,Ariyalur,19887,2,19618,267,0,0,-1,1,0,,
732,TN,Tamil Nadu,TN_Chengalpattu,Chengalpattu,237431,886,233887,2658,0,124,35,89,0,,
545,TN,Tamil Nadu,TN_Chennai,Chennai,756245,2224,744953,9068,0,342,121,221,0,[July 22]: 444 backdated deceased entries added to Chennai in TN bulletin.,
546,TN,Tamil Nadu,TN_Coimbatore,Coimbatore,330464,247,327600,2617,0,55,24,31,0,,
547,TN,Tamil Nadu,TN_Cuddalore,Cuddalore,74292,12,73385,895,0,0,-3,3,0,,
548,TN,Tamil Nadu,TN_Dharmapuri,Dharmapuri,36204,6,35915,283,0,0,-1,1,0,,
549,TN,Tamil Nadu,TN_Dindigul,Dindigul,37485,2,36818,665,0,1,0,1,0,,
550,TN,Tamil Nadu,TN_Erode,Erode,132727,31,131962,734,0,4,3,1,0,,
734,TN,Tamil Nadu,TN_Kallakurichi,Kallakurichi,36527,2,36310,215,0,1,0,1,0,,
551,TN,Tamil Nadu,TN_Kancheepuram,Kancheepuram,94791,205,93284,1302,0,22,4,18,0,,
552,TN,Tamil Nadu,TN_Kanyakumari,Kanyakumari,86500,196,85219,1085,0,44,24,20,0,,
553,TN,Tamil Nadu,TN_Karur,Karur,29766,7,29387,372,0,1,1,0,0,,
554,TN,Tamil Nadu,TN_Krishnagiri,Krishnagiri,59668,13,59285,370,0,3,0,3,0,,
555,TN,Tamil Nadu,TN_Madurai,Madurai,91141,57,89848,1236,0,17,13,4,0,,
556,TN,Tamil Nadu,TN_Nagapattinam,Nagapattinam,25447,2,25070,375,0,0,-1,1,0,,
557,TN,Tamil Nadu,TN_Namakkal,Namakkal,68032,18,67480,534,0,6,6,0,0,,
564,TN,Tamil Nadu,TN_Nilgiris,Nilgiris,42200,38,41936,226,0,4,-7,11,0,,
558,TN,Tamil Nadu,TN_Perambalur,Perambalur,14472,8,14215,249,0,0,-1,1,0,,
559,TN,Tamil Nadu,TN_Pudukkottai,Pudukkottai,34478,1,34051,426,0,0,-1,1,0,,
560,TN,Tamil Nadu,TN_Ramanathapuram,Ramanathapuram,24685,2,24315,368,0,0,0,0,0,,
733,TN,Tamil Nadu,TN_Ranipet,Ranipet,54004,51,53166,787,0,12,8,4,0,,
561,TN,Tamil Nadu,TN_Salem,Salem,127468,39,125667,1762,0,6,0,6,0,,
562,TN,Tamil Nadu,TN_Sivaganga,Sivaganga,23879,28,23632,219,0,6,6,0,0,,
731,TN,Tamil Nadu,TN_Tenkasi,Tenkasi,32757,9,32258,490,0,2,2,0,0,,
563,TN,Tamil Nadu,TN_Thanjavur,Thanjavur,92184,10,91134,1040,0,1,1,0,0,,
565,TN,Tamil Nadu,TN_Theni,Theni,50616,11,50072,533,0,9,9,0,0,,
566,TN,Tamil Nadu,TN_Thiruvallur,Thiruvallur,147916,238,145739,1939,0,32,13,19,0,,
567,TN,Tamil Nadu,TN_Thiruvarur,Thiruvarur,48030,7,47551,472,0,2,2,0,0,,
568,TN,Tamil Nadu,TN_Thoothukkudi,Thoothukkudi,65038,52,64538,448,0,12,9,3,0,,
569,TN,Tamil Nadu,TN_Tiruchirappalli,Tiruchirappalli,95070,59,93850,1161,0,13,8,5,0,,
570,TN,Tamil Nadu,TN_Tirunelveli,Tirunelveli,62879,76,62358,445,0,19,15,4,0,,
735,TN,Tamil Nadu,TN_Tirupathur,Tirupathur,35746,7,35106,633,0,1,0,1,0,,
571,TN,Tamil Nadu,TN_Tiruppur,Tiruppur,129971,21,128898,1052,0,3,3,0,0,,
572,TN,Tamil Nadu,TN_Tiruvannamalai,Tiruvannamalai,66844,26,66133,685,0,7,7,0,0,,
573,TN,Tamil Nadu,TN_Vellore,Vellore,57370,30,56177,1163,0,11,8,3,0,,
574,TN,Tamil Nadu,TN_Viluppuram,Viluppuram,54593,1,54226,366,0,0,-1,1,0,,
575,TN,Tamil Nadu,TN_Virudhunagar,Virudhunagar,56869,22,56293,554,0,9,8,1,0,,
736,TN,Tamil Nadu,TN_Mayiladuthurai,Mayiladuthurai,26510,11,26169,330,0,2,2,0,0,,
609,TR,Tripura,TR_Dhalai,Dhalai,8454,0,8412,40,2,0,0,0,0,,
610,TR,Tripura,TR_Gomati,Gomati,9383,0,9292,87,4,0,0,0,0,,
611,TR,Tripura,TR_Khowai,Khowai,5141,0,5085,56,0,0,0,0,0,,
612,TR,Tripura,TR_North Tripura,North Tripura,8800,0,8755,38,7,0,0,0,0,,
613,TR,Tripura,TR_Sipahijala,Sipahijala,7261,0,7172,87,2,0,0,0,0,,
614,TR,Tripura,TR_South Tripura,South Tripura,11851,0,11789,59,3,0,0,0,0,,
615,TR,Tripura,TR_Unokoti,Unokoti,10058,0,9980,74,4,0,0,0,0,,
616,TR,Tripura,TR_West Tripura,West Tripura,39939,0,39417,479,43,0,0,0,0,,
617,UP,Uttar Pradesh,UP_Agra,Agra,36538,40,36033,465,0,5,1,4,0,,
618,UP,Uttar Pradesh,UP_Aligarh,Aligarh,25713,46,25554,113,0,12,5,7,0,,
619,UP,Uttar Pradesh,UP_Ambedkar Nagar,Ambedkar Nagar,6159,13,5979,167,0,1,-1,2,0,,
620,UP,Uttar Pradesh,UP_Amethi,Amethi,11678,3,11530,145,0,0,0,0,0,,
621,UP,Uttar Pradesh,UP_Amroha,Amroha,19536,30,19298,208,0,2,2,0,0,,
622,UP,Uttar Pradesh,UP_Auraiya,Auraiya,11067,25,10831,211,0,6,4,2,0,,
765,UP,Uttar Pradesh,UP_Ayodhya,Ayodhya,19043,37,18713,293,0,12,9,3,0,,
623,UP,Uttar Pradesh,UP_Azamgarh,Azamgarh,19717,13,19469,235,0,1,0,1,0,,
624,UP,Uttar Pradesh,UP_Baghpat,Baghpat,11235,9,11082,144,0,2,2,0,0,,
625,UP,Uttar Pradesh,UP_Bahraich,Bahraich,13609,8,13423,178,0,4,4,0,0,,
626,UP,Uttar Pradesh,UP_Ballia,Ballia,22774,7,22521,246,0,0,-2,2,0,,
627,UP,Uttar Pradesh,UP_Balrampur,Balrampur,8273,7,8127,139,0,0,0,0,0,,
628,UP,Uttar Pradesh,UP_Banda,Banda,12336,2,12165,169,0,0,-4,4,0,,
629,UP,Uttar Pradesh,UP_Barabanki,Barabanki,24008,27,23754,227,0,4,4,0,0,,
630,UP,Uttar Pradesh,UP_Bareilly,Bareilly,50532,18,50137,377,0,4,2,2,0,,
631,UP,Uttar Pradesh,UP_Basti,Basti,13166,9,12820,337,0,0,0,0,0,,
632,UP,Uttar Pradesh,UP_Bhadohi,Bhadohi,8664,4,8494,166,0,0,-1,1,0,,
633,UP,Uttar Pradesh,UP_Bijnor,Bijnor,18441,2,18300,139,0,0,0,0,0,,
634,UP,Uttar Pradesh,UP_Budaun,Budaun,18031,7,17923,101,0,1,-2,3,0,,
635,UP,Uttar Pradesh,UP_Bulandshahr,Bulandshahr,26744,42,26448,254,0,8,3,5,0,,
636,UP,Uttar Pradesh,UP_Chandauli,Chandauli,18037,52,17604,381,0,10,4,5,1,,
637,UP,Uttar Pradesh,UP_Chitrakoot,Chitrakoot,7890,1,7810,79,0,0,0,0,0,,
638,UP,Uttar Pradesh,UP_Deoria,Deoria,22686,21,22435,230,0,3,0,3,0,,
639,UP,Uttar Pradesh,UP_Etah,Etah,12215,4,12111,100,0,0,0,0,0,,
640,UP,Uttar Pradesh,UP_Etawah,Etawah,16100,13,15790,297,0,1,1,0,0,,
642,UP,Uttar Pradesh,UP_Farrukhabad,Farrukhabad,12093,10,11886,197,0,0,0,0,0,,
643,UP,Uttar Pradesh,UP_Fatehpur,Fatehpur,8551,28,8382,141,0,0,0,0,0,,
644,UP,Uttar Pradesh,UP_Firozabad,Firozabad,10777,12,10629,136,0,2,1,1,0,,
645,UP,Uttar Pradesh,UP_Gautam Buddha Nagar,Gautam Buddha Nagar,103841,699,102651,491,0,168,93,74,1,,
646,UP,Uttar Pradesh,UP_Ghaziabad,Ghaziabad,87263,342,86448,473,0,80,27,53,0,,
647,UP,Uttar Pradesh,UP_Ghazipur,Ghazipur,24200,12,23893,295,0,3,2,1,0,,
648,UP,Uttar Pradesh,UP_Gonda,Gonda,14479,14,14180,285,0,2,0,2,0,,
649,UP,Uttar Pradesh,UP_Gorakhpur,Gorakhpur,66956,60,66030,866,0,18,10,8,0,,
650,UP,Uttar Pradesh,UP_Hamirpur,Hamirpur,6351,5,6243,103,0,0,-1,0,1,,
651,UP,Uttar Pradesh,UP_Hapur,Hapur,15434,5,15205,224,0,1,0,1,0,,
652,UP,Uttar Pradesh,UP_Hardoi,Hardoi,17811,44,17392,375,0,0,-7,7,0,,
653,UP,Uttar Pradesh,UP_Hathras,Hathras,3769,0,3726,43,0,0,0,0,0,,
654,UP,Uttar Pradesh,UP_Jalaun,Jalaun,14137,7,13921,209,0,0,-1,1,0,,
655,UP,Uttar Pradesh,UP_Jaunpur,Jaunpur,24753,40,24469,244,0,7,2,5,0,,
656,UP,Uttar Pradesh,UP_Jhansi,Jhansi,44823,71,44077,675,0,17,10,7,0,,
657,UP,Uttar Pradesh,UP_Kannauj,Kannauj,11033,23,10884,126,0,4,1,3,0,,
658,UP,Uttar Pradesh,UP_Kanpur Dehat,Kanpur Dehat,7242,2,7129,111,0,0,0,0,0,,
659,UP,Uttar Pradesh,UP_Kanpur Nagar,Kanpur Nagar,93735,73,91739,1923,0,17,8,9,0,,
660,UP,Uttar Pradesh,UP_Kasganj,Kasganj,4954,1,4898,55,0,0,0,0,0,,
661,UP,Uttar Pradesh,UP_Kaushambi,Kaushambi,4957,3,4882,72,0,1,1,0,0,,
663,UP,Uttar Pradesh,UP_Kushinagar,Kushinagar,16485,4,16246,235,0,2,2,0,0,,
662,UP,Uttar Pradesh,UP_Lakhimpur Kheri,Lakhimpur Kheri,30406,42,30064,300,0,6,1,5,0,,
664,UP,Uttar Pradesh,UP_Lalitpur,Lalitpur,15060,5,14921,134,0,0,-5,5,0,,
665,UP,Uttar Pradesh,UP_Lucknow,Lucknow,298733,744,295295,2694,0,191,126,65,0,,
667,UP,Uttar Pradesh,UP_Maharajganj,Maharajganj,15021,25,14850,146,0,1,-1,2,0,,
666,UP,Uttar Pradesh,UP_Mahoba,Mahoba,4565,0,4476,89,0,0,0,0,0,,
668,UP,Uttar Pradesh,UP_Mainpuri,Mainpuri,11741,15,11537,189,0,3,1,2,0,,
669,UP,Uttar Pradesh,UP_Mathura,Mathura,26143,42,25695,406,0,8,-1,9,0,,
670,UP,Uttar Pradesh,UP_Mau,Mau,9032,5,8941,86,0,1,1,0,0,,
671,UP,Uttar Pradesh,UP_Meerut,Meerut,89223,47,88244,932,0,7,4,3,0,,
672,UP,Uttar Pradesh,UP_Mirzapur,Mirzapur,12093,3,11964,126,0,0,-2,2,0,,
673,UP,Uttar Pradesh,UP_Moradabad,Moradabad,46514,28,46117,369,0,3,1,1,1,,
674,UP,Uttar Pradesh,UP_Muzaffarnagar,Muzaffarnagar,38631,4,38350,277,0,4,0,4,0,,
675,UP,Uttar Pradesh,UP_Pilibhit,Pilibhit,12984,22,12755,207,0,3,-2,5,0,,
676,UP,Uttar Pradesh,UP_Pratapgarh,Pratapgarh,16956,20,16773,163,0,0,0,0,0,,
677,UP,Uttar Pradesh,UP_Prayagraj,Prayagraj,88735,47,87566,1122,0,10,2,8,0,,
678,UP,Uttar Pradesh,UP_Rae Bareli,Rae Bareli,21810,33,21429,348,0,1,0,1,0,,
679,UP,Uttar Pradesh,UP_Rampur,Rampur,14776,3,14620,153,0,0,0,0,0,,
680,UP,Uttar Pradesh,UP_Saharanpur,Saharanpur,38875,34,38413,428,0,12,7,5,0,,
681,UP,Uttar Pradesh,UP_Sambhal,Sambhal,11167,14,11044,109,0,0,0,0,0,,
682,UP,Uttar Pradesh,UP_Sant Kabir Nagar,Sant Kabir Nagar,8962,3,8858,101,0,1,1,0,0,,
683,UP,Uttar Pradesh,UP_Shahjahanpur,Shahjahanpur,24917,20,24451,446,0,2,2,0,0,,
684,UP,Uttar Pradesh,UP_Shamli,Shamli,16765,0,16717,48,0,0,0,0,0,,
685,UP,Uttar Pradesh,UP_Shrawasti,Shrawasti,5291,2,5247,42,0,1,1,0,0,,
686,UP,Uttar Pradesh,UP_Siddharthnagar,Siddharthnagar,11640,10,11528,102,0,2,1,1,0,,
687,UP,Uttar Pradesh,UP_Sitapur,Sitapur,15995,15,15791,189,0,0,-3,3,0,,
688,UP,Uttar Pradesh,UP_Sonbhadra,Sonbhadra,18966,7,18702,257,0,0,-2,2,0,,
689,UP,Uttar Pradesh,UP_Sultanpur,Sultanpur,17061,12,16905,144,0,0,0,0,0,,
690,UP,Uttar Pradesh,UP_Unnao,Unnao,17242,22,16963,257,0,2,2,0,0,,
691,UP,Uttar Pradesh,UP_Varanasi,Varanasi,98991,138,97865,988,0,22,9,13,0,,
692,UT,Uttarakhand,UT_Almora,Almora,16783,7,15567,200,1009,0,-1,1,0,,
693,UT,Uttarakhand,UT_Bageshwar,Bageshwar,7864,5,7684,61,114,0,0,0,0,,
694,UT,Uttarakhand,UT_Chamoli,Chamoli,15471,8,15085,65,313,3,1,2,0,,
695,UT,Uttarakhand,UT_Champawat,Champawat,9594,3,9328,54,209,0,0,0,0,,
696,UT,Uttarakhand,UT_Dehradun,Dehradun,146327,275,141379,3703,970,29,20,9,0,,
697,UT,Uttarakhand,UT_Haridwar,Haridwar,64794,43,62070,1049,1632,3,-1,4,0,,
698,UT,Uttarakhand,UT_Nainital,Nainital,50813,81,49560,976,196,3,1,2,0,,
699,UT,Uttarakhand,UT_Pauri Garhwal,Pauri Garhwal,23036,11,21017,333,1675,2,1,1,0,,
700,UT,Uttarakhand,UT_Pithoragarh,Pithoragarh,12864,12,12421,186,245,0,0,0,0,,
701,UT,Uttarakhand,UT_Rudraprayag,Rudraprayag,11522,0,11125,108,289,0,0,0,0,,
702,UT,Uttarakhand,UT_Tehri Garhwal,Tehri Garhwal,18237,11,16860,115,1251,4,4,0,0,,
703,UT,Uttarakhand,UT_Udham Singh Nagar,Udham Singh Nagar,46801,30,44903,766,1102,4,4,0,0,,
704,UT,Uttarakhand,UT_Uttarkashi,Uttarkashi,14244,10,13639,79,516,2,1,1,0,,
705,WB,West Bengal,WB_Alipurduar,Alipurduar,18948,50,18788,110,0,0,0,0,0,,
706,WB,West Bengal,WB_Bankura,Bankura,43932,66,43580,286,0,0,0,0,0,,
707,WB,West Bengal,WB_Birbhum,Birbhum,57746,65,57330,351,0,0,0,0,0,,
708,WB,West Bengal,WB_Cooch Behar,Cooch Behar,33972,28,33838,106,0,0,0,0,0,,
709,WB,West Bengal,WB_Dakshin Dinajpur,Dakshin Dinajpur,23106,35,22878,193,0,0,0,0,0,,
710,WB,West Bengal,WB_Darjeeling,Darjeeling,69058,63,68396,599,0,0,0,0,0,,
711,WB,West Bengal,WB_Hooghly,Hooghly,107975,66,106790,1119,0,0,0,0,0,,
712,WB,West Bengal,WB_Howrah,Howrah,125068,80,123348,1640,0,0,0,0,0,,
713,WB,West Bengal,WB_Jalpaiguri,Jalpaiguri,49624,56,48920,648,0,0,0,0,0,,
714,WB,West Bengal,WB_Jhargram,Jhargram,15554,16,15507,31,0,0,0,0,0,,
715,WB,West Bengal,WB_Kalimpong,Kalimpong,8518,10,8450,58,0,0,0,0,0,,
716,WB,West Bengal,WB_Kolkata,Kolkata,447192,272,441264,5656,0,0,0,0,0,,
717,WB,West Bengal,WB_Malda,Malda,44459,49,44211,199,0,0,0,0,0,,
719,WB,West Bengal,WB_Murshidabad,Murshidabad,41645,31,41258,356,0,0,0,0,0,,
720,WB,West Bengal,WB_Nadia,Nadia,87663,79,86640,944,0,0,0,0,0,,
721,WB,West Bengal,WB_North 24 Parganas,North 24 Parganas,403122,252,397532,5338,0,0,0,0,0,,
0,WB,West Bengal,WB_Other State,Other State,66,0,63,3,0,0,0,0,0,,
722,WB,West Bengal,WB_Paschim Bardhaman,Paschim Bardhaman,75652,51,75169,432,0,0,0,0,0,,
718,WB,West Bengal,WB_Paschim Medinipur,Paschim Medinipur,62579,53,61996,530,0,0,0,0,0,,
723,WB,West Bengal,WB_Purba Bardhaman,Purba Bardhaman,55457,65,55154,238,0,0,0,0,0,,
724,WB,West Bengal,WB_Purba Medinipur,Purba Medinipur,67857,34,67382,441,0,0,0,0,0,,
725,WB,West Bengal,WB_Purulia,Purulia,24234,24,24087,123,0,0,0,0,0,,
726,WB,West Bengal,WB_South 24 Parganas,South 24 Parganas,127349,114,125724,1511,0,0,0,0,0,,
727,WB,West Bengal,WB_Uttar Dinajpur,Uttar Dinajpur,25136,28,24840,268,0,0,0,0,0,,
728,AN,Andaman and Nicobar Islands,AN_Unknown,Unknown,10056,15,9912,129,0,0,0,0,0,,
729,AP,Andhra Pradesh,AP_Unknown,Unknown,930,221,709,0,0,0,0,0,0,,
730,AR,Arunachal Pradesh,AR_Unknown,Unknown,0,-1,1,0,0,0,0,0,0,,
731,AS,Assam,AS_Unknown,Unknown,113383,-559516,670363,1189,1347,0,0,0,0,,
732,BR,Bihar,BR_Unknown,Unknown,0,0,0,0,0,0,0,0,0,,
733,CH,Chandigarh,CH_Unknown,Unknown,0,0,0,0,0,0,0,0,0,,
734,CT,Chhattisgarh,CT_Unknown,Unknown,0,0,0,0,0,0,0,0,0,,
735,DN,Dadra and Nagar Haveli and Daman and Diu,DN_Unknown,Unknown,0,0,0,0,0,0,0,0,0,,
737,DL,Delhi,DL_Unknown,Unknown,1924672,4267,1894164,26241,0,0,0,0,0,,
738,GA,Goa,GA_Unknown,Unknown,241141,-2760,240260,3641,0,0,0,0,0,,
739,GJ,Gujarat,GJ_Unknown,Unknown,0,0,0,0,0,0,0,0,0,,
740,HR,Haryana,HR_Unknown,Unknown,0,0,0,0,0,0,0,0,0,,
741,HP,Himachal Pradesh,HP_Unknown,Unknown,0,0,0,0,0,0,0,0,0,,
742,JK,Jammu and Kashmir,JK_Unknown,Unknown,0,0,0,0,0,0,0,0,0,,
743,JH,Jharkhand,JH_Unknown,Unknown,0,0,0,0,0,0,0,0,0,,
744,KA,Karnataka,KA_Unknown,Unknown,0,0,0,0,0,0,0,0,0,,
745,KL,Kerala,KL_Unknown,Unknown,36475,9267,25650,1558,0,0,0,0,0,,
746,LA,Ladakh,LA_Unknown,Unknown,0,0,0,0,0,0,0,0,0,,
747,LD,Lakshadweep,LD_Unknown,Unknown,29,-22,50,1,0,0,0,0,0,,
748,MP,Madhya Pradesh,MP_Unknown,Unknown,0,0,0,0,0,0,0,0,0,,
749,MH,Maharashtra,MH_Unknown,Unknown,0,0,0,0,0,0,0,0,0,,
750,MN,Manipur,MN_Unknown,Unknown,1697,-131312,132915,94,0,0,0,0,0,,
751,ML,Meghalaya,ML_Unknown,Unknown,0,0,0,0,0,0,0,0,0,,
752,MZ,Mizoram,MZ_Unknown,Unknown,0,0,0,0,0,0,0,0,0,,
753,NL,Nagaland,NL_Unknown,Unknown,0,0,0,0,0,0,0,0,0,,
754,OR,Odisha,OR_Unknown,Unknown,0,0,0,0,0,0,0,0,0,,
755,PY,Puducherry,PY_Unknown,Unknown,0,0,0,0,0,0,0,0,0,,
756,PB,Punjab,PB_Unknown,Unknown,0,0,0,0,0,0,0,0,0,,
757,RJ,Rajasthan,RJ_Unknown,Unknown,0,0,0,0,0,0,0,0,0,,
758,SK,Sikkim,SK_Unknown,Unknown,8727,-24597,32417,283,624,0,0,0,0,,
759,TN,Tamil Nadu,TN_Unknown,Unknown,0,0,0,0,0,0,0,0,0,,
760,TG,Telangana,TG_Unknown,Unknown,1504,-792373,789796,4081,0,0,0,0,0,,
761,TR,Tripura,TR_Unknown,Unknown,0,0,0,0,0,0,0,0,0,,
762,UP,Uttar Pradesh,UP_Unknown,Unknown,0,0,0,0,0,0,0,0,0,,
763,UT,Uttarakhand,UT_Unknown,Unknown,0,0,0,0,0,0,0,0,0,,
764,WB,West Bengal,WB_Unknown,Unknown,6930,859,6039,32,0,0,0,0,0,,